incident_id,timestamp,service_criticality,customer_impact_pct,affected_services,error_rate_pct,latency_increase_pct,recent_deploy,repeat_incident_30d,monitoring_confidence,is_p1
INC-000001,2024-01-01 00:00:00,1,1.679,2,6.506,10.605,1,0,0.5885,0
INC-000002,2024-01-01 03:00:00,4,13.828,2,3.263,19.16,0,0,0.83087,0
INC-000003,2024-01-01 06:00:00,4,12.242,2,3.376,10.876,0,0,0.66829,0
INC-000004,2024-01-01 09:00:00,3,4.824,7,4.971,6.736,0,0,0.86801,0
INC-000005,2024-01-01 12:00:00,3,3.11,2,3.331,43.085,0,0,0.66226,0
INC-000006,2024-01-01 15:00:00,5,14.774,3,6.536,41.081,0,0,0.66285,0
INC-000007,2024-01-01 18:00:00,1,13.42,3,2.77,4.122,0,0,0.68402,0
INC-000008,2024-01-01 21:00:00,4,5.301,1,3.378,21.865,0,0,0.71772,0
INC-000009,2024-01-02 00:00:00,2,1.52,2,2.745,47.451,0,0,0.85019,0
INC-000010,2024-01-02 03:00:00,1,1.864,2,2.096,36.563,0,0,0.7929,0
INC-000011,2024-01-02 06:00:00,3,8.664,3,8.926,9.6,0,1,0.72512,0
INC-000012,2024-01-02 09:00:00,5,39.26,1,11.732,51.088,0,0,0.95533,0
INC-000013,2024-01-02 12:00:00,4,33.383,4,10.162,47.49,0,1,0.69131,0
INC-000014,2024-01-02 15:00:00,4,1.167,3,1.298,26.669,1,0,0.6494,0
INC-000015,2024-01-02 18:00:00,4,11.0,4,0.782,17.001,0,0,0.94252,0
INC-000016,2024-01-02 21:00:00,4,3.462,4,0.768,9.475,0,0,0.61352,0
INC-000017,2024-01-03 00:00:00,3,25.202,6,1.34,20.955,0,0,0.8559,0
INC-000018,2024-01-03 03:00:00,1,8.539,5,5.141,56.14,0,0,0.86641,0
INC-000019,2024-01-03 06:00:00,5,17.45,3,0.581,9.809,1,0,0.54819,0
INC-000020,2024-01-03 09:00:00,3,14.577,4,4.172,59.532,0,0,0.56233,0
INC-000021,2024-01-03 12:00:00,3,29.524,3,2.084,35.325,1,1,0.7511,0
INC-000022,2024-01-03 15:00:00,2,9.292,5,2.985,20.942,0,0,0.55682,0
INC-000023,2024-01-03 18:00:00,1,34.784,2,9.796,47.779,0,0,0.82785,0
INC-000024,2024-01-03 21:00:00,5,4.405,2,3.111,20.465,0,0,0.55315,0
INC-000025,2024-01-04 00:00:00,4,30.669,2,3.346,18.066,0,1,0.89156,0
INC-000026,2024-01-04 03:00:00,4,24.938,2,3.932,41.794,1,1,0.49085,0
INC-000027,2024-01-04 06:00:00,3,3.947,3,17.795,21.629,0,1,0.8251,0
INC-000028,2024-01-04 09:00:00,5,40.175,3,2.583,20.512,0,1,0.88704,0
INC-000029,2024-01-04 12:00:00,3,8.587,3,2.546,12.819,0,0,0.92446,0
INC-000030,2024-01-04 15:00:00,3,12.255,2,6.753,17.773,0,0,0.48923,0
INC-000031,2024-01-04 18:00:00,3,0.385,5,15.156,64.406,1,0,0.89383,0
INC-000032,2024-01-04 21:00:00,2,1.108,2,17.558,1.46,0,1,0.72171,0
INC-000033,2024-01-05 00:00:00,1,17.863,2,6.121,9.546,1,0,0.61996,0
INC-000034,2024-01-05 03:00:00,3,29.695,2,0.973,11.198,0,0,0.80314,0
INC-000035,2024-01-05 06:00:00,5,2.986,4,4.249,19.263,1,0,0.48413,0
INC-000036,2024-01-05 09:00:00,1,53.054,2,1.878,16.869,0,1,0.65454,0
INC-000037,2024-01-05 12:00:00,5,34.801,7,7.067,24.252,1,0,0.89414,0
INC-000038,2024-01-05 15:00:00,5,21.776,2,0.767,2.528,1,1,0.62058,0
INC-000039,2024-01-05 18:00:00,2,37.463,5,6.519,23.972,0,1,0.7634,0
INC-000040,2024-01-05 21:00:00,4,36.268,3,4.545,64.072,0,0,0.79374,0
INC-000041,2024-01-06 00:00:00,1,0.968,4,2.112,21.611,1,0,0.76379,0
INC-000042,2024-01-06 03:00:00,4,0.988,2,7.282,17.349,1,0,0.60192,0
INC-000043,2024-01-06 06:00:00,4,3.174,3,7.572,19.658,0,0,0.77558,0
INC-000044,2024-01-06 09:00:00,2,35.269,4,6.787,15.541,0,0,0.34899,0
INC-000045,2024-01-06 12:00:00,1,9.277,2,2.108,35.307,0,0,0.89957,0
INC-000046,2024-01-06 15:00:00,5,3.498,2,7.004,26.914,0,0,0.58601,0
INC-000047,2024-01-06 18:00:00,3,6.14,2,0.492,25.566,0,0,0.77368,0
INC-000048,2024-01-06 21:00:00,5,18.762,2,9.717,47.774,0,0,0.65567,0
INC-000049,2024-01-07 00:00:00,4,23.361,3,3.342,35.571,0,0,0.90656,0
INC-000050,2024-01-07 03:00:00,4,7.509,1,2.269,1.463,0,0,0.81882,0
INC-000051,2024-01-07 06:00:00,4,22.809,2,0.829,15.267,0,0,0.96407,0
INC-000052,2024-01-07 09:00:00,1,25.297,2,18.957,6.39,0,0,0.67079,0
INC-000053,2024-01-07 12:00:00,2,41.835,2,4.889,10.864,0,1,0.84097,0
INC-000054,2024-01-07 15:00:00,3,17.145,3,1.861,13.018,0,0,0.76584,0
INC-000055,2024-01-07 18:00:00,3,71.887,6,4.462,10.541,0,0,0.86135,0
INC-000056,2024-01-07 21:00:00,1,11.031,3,2.022,36.698,0,1,0.5855,0
INC-000057,2024-01-08 00:00:00,3,5.118,7,4.832,32.581,1,0,0.88584,0
INC-000058,2024-01-08 03:00:00,1,31.292,7,7.139,15.213,1,0,0.85533,0
INC-000059,2024-01-08 06:00:00,4,43.478,2,3.572,31.712,0,1,0.80053,0
INC-000060,2024-01-08 09:00:00,4,2.213,3,1.637,28.836,1,0,0.71865,0
INC-000061,2024-01-08 12:00:00,5,6.207,3,6.411,22.973,0,0,0.84466,0
INC-000062,2024-01-08 15:00:00,4,19.025,2,1.402,18.724,0,0,0.49078,1
INC-000063,2024-01-08 18:00:00,2,40.773,1,3.652,39.377,0,1,0.8613,0
INC-000064,2024-01-08 21:00:00,5,27.523,3,15.358,20.493,1,0,0.55302,0
INC-000065,2024-01-09 00:00:00,3,6.739,4,3.843,25.003,0,0,0.54926,0
INC-000066,2024-01-09 03:00:00,2,3.282,3,5.165,23.755,0,0,0.79675,0
INC-000067,2024-01-09 06:00:00,5,32.223,7,7.738,13.429,0,0,0.41224,0
INC-000068,2024-01-09 09:00:00,2,1.255,1,10.937,12.818,0,0,0.58428,0
INC-000069,2024-01-09 12:00:00,1,3.5,3,0.697,17.756,0,1,0.82519,0
INC-000070,2024-01-09 15:00:00,3,2.16,3,3.32,36.244,0,0,0.54968,0
INC-000071,2024-01-09 18:00:00,4,51.93,2,1.445,19.226,0,1,0.80667,0
INC-000072,2024-01-09 21:00:00,1,10.078,4,12.376,3.265,0,0,0.49365,0
INC-000073,2024-01-10 00:00:00,3,19.173,3,3.042,26.828,0,0,0.78492,0
INC-000074,2024-01-10 03:00:00,1,31.703,2,0.346,13.937,1,0,0.68032,0
INC-000075,2024-01-10 06:00:00,4,3.507,2,5.72,10.442,1,0,0.71567,0
INC-000076,2024-01-10 09:00:00,3,4.632,3,2.531,33.878,0,0,0.63785,0
INC-000077,2024-01-10 12:00:00,2,14.879,2,5.451,33.71,0,0,0.77473,0
INC-000078,2024-01-10 15:00:00,2,5.567,5,7.97,23.12,0,0,0.67197,0
INC-000079,2024-01-10 18:00:00,3,7.657,5,9.77,16.772,0,0,0.6826,0
INC-000080,2024-01-10 21:00:00,4,11.398,2,13.574,14.416,0,0,0.60809,0
INC-000081,2024-01-11 00:00:00,5,23.449,3,13.788,6.47,0,1,0.62483,0
INC-000082,2024-01-11 03:00:00,3,8.859,1,0.718,1.497,0,1,0.63751,0
INC-000083,2024-01-11 06:00:00,1,8.363,4,3.41,15.255,0,0,0.8371,0
INC-000084,2024-01-11 09:00:00,5,28.089,3,1.329,15.528,0,0,0.71997,0
INC-000085,2024-01-11 12:00:00,4,35.096,3,5.744,9.814,1,0,0.826,0
INC-000086,2024-01-11 15:00:00,4,43.04,3,3.581,47.629,1,0,0.97966,0
INC-000087,2024-01-11 18:00:00,1,44.272,3,9.222,13.528,0,0,0.76513,0
INC-000088,2024-01-11 21:00:00,2,6.909,7,4.271,22.913,0,0,0.80816,0
INC-000089,2024-01-12 00:00:00,4,2.861,4,12.235,26.497,0,0,0.7163,0
INC-000090,2024-01-12 03:00:00,5,5.718,3,14.187,29.179,0,0,0.79439,0
INC-000091,2024-01-12 06:00:00,3,0.347,4,11.912,12.141,1,0,0.48066,0
INC-000092,2024-01-12 09:00:00,5,15.405,2,0.315,16.415,0,0,0.94868,0
INC-000093,2024-01-12 12:00:00,5,32.36,9,5.331,21.243,0,0,0.79371,0
INC-000094,2024-01-12 15:00:00,2,9.559,2,3.149,12.204,0,0,0.85372,0
INC-000095,2024-01-12 18:00:00,5,54.578,2,3.591,44.595,0,0,0.92514,0
INC-000096,2024-01-12 21:00:00,2,35.766,4,8.116,83.098,1,0,0.77984,0
INC-000097,2024-01-13 00:00:00,2,12.805,3,3.347,25.956,1,0,0.73521,0
INC-000098,2024-01-13 03:00:00,4,4.486,5,4.503,25.772,0,0,0.4104,0
INC-000099,2024-01-13 06:00:00,4,12.473,4,4.715,42.447,0,0,0.82816,0
INC-000100,2024-01-13 09:00:00,1,7.279,2,0.476,36.396,0,0,0.5803,0
INC-000101,2024-01-13 12:00:00,5,23.501,1,2.919,20.561,0,0,0.66504,0
INC-000102,2024-01-13 15:00:00,1,30.178,2,9.716,61.296,0,1,0.78277,0
INC-000103,2024-01-13 18:00:00,5,32.669,4,0.385,12.706,0,0,0.77205,0
INC-000104,2024-01-13 21:00:00,1,26.41,4,6.621,34.111,0,0,0.78156,0
INC-000105,2024-01-14 00:00:00,4,30.899,2,1.878,16.306,0,0,0.89403,0
INC-000106,2024-01-14 03:00:00,4,7.563,2,3.092,28.189,0,0,0.87239,0
INC-000107,2024-01-14 06:00:00,4,9.972,2,7.645,15.036,0,1,0.91719,0
INC-000108,2024-01-14 09:00:00,4,10.653,4,1.46,59.976,0,0,0.40595,0
INC-000109,2024-01-14 12:00:00,3,8.343,6,3.34,43.877,0,1,0.55406,0
INC-000110,2024-01-14 15:00:00,4,8.247,3,0.738,27.162,1,0,0.88468,0
INC-000111,2024-01-14 18:00:00,2,9.852,2,5.942,36.812,0,0,0.77148,0
INC-000112,2024-01-14 21:00:00,4,16.69,1,2.109,9.858,0,0,0.88374,0
INC-000113,2024-01-15 00:00:00,3,14.643,5,0.991,5.421,0,0,0.78061,0
INC-000114,2024-01-15 03:00:00,3,22.787,3,4.29,12.312,1,0,0.55888,0
INC-000115,2024-01-15 06:00:00,3,0.292,5,0.701,58.849,0,0,0.77315,0
INC-000116,2024-01-15 09:00:00,3,2.747,3,3.019,14.99,0,0,0.42343,0
INC-000117,2024-01-15 12:00:00,1,32.623,1,1.931,38.455,0,0,0.79188,0
INC-000118,2024-01-15 15:00:00,1,23.806,3,5.095,17.488,1,0,0.93556,0
INC-000119,2024-01-15 18:00:00,2,0.323,1,5.187,18.341,0,0,0.81258,0
INC-000120,2024-01-15 21:00:00,1,12.895,5,2.278,15.163,0,0,0.81366,0
INC-000121,2024-01-16 00:00:00,3,6.575,5,12.041,14.349,0,0,0.50281,0
INC-000122,2024-01-16 03:00:00,4,9.348,1,9.372,36.56,0,1,0.55,0
INC-000123,2024-01-16 06:00:00,4,11.887,3,1.668,14.533,0,0,0.27505,0
INC-000124,2024-01-16 09:00:00,3,8.179,3,19.824,14.211,0,1,0.91156,0
INC-000125,2024-01-16 12:00:00,5,14.907,4,7.384,20.743,0,0,0.98338,0
INC-000126,2024-01-16 15:00:00,3,11.855,3,5.558,16.443,1,1,0.6081,0
INC-000127,2024-01-16 18:00:00,1,7.699,1,5.856,10.597,0,0,0.81933,0
INC-000128,2024-01-16 21:00:00,4,11.438,2,1.247,33.8,0,0,0.76576,0
INC-000129,2024-01-17 00:00:00,3,9.906,3,10.519,24.394,0,0,0.68009,0
INC-000130,2024-01-17 03:00:00,4,8.139,5,0.5,13.788,0,0,0.60628,0
INC-000131,2024-01-17 06:00:00,3,8.219,1,5.832,10.624,1,1,0.52635,0
INC-000132,2024-01-17 09:00:00,3,6.695,3,9.472,43.028,1,1,0.45674,0
INC-000133,2024-01-17 12:00:00,1,47.376,3,1.816,7.152,0,0,0.83263,0
INC-000134,2024-01-17 15:00:00,3,22.049,3,7.793,30.761,1,0,0.69982,0
INC-000135,2024-01-17 18:00:00,4,39.785,5,4.65,3.127,0,0,0.81123,0
INC-000136,2024-01-17 21:00:00,2,29.021,3,8.17,22.317,1,0,0.88025,0
INC-000137,2024-01-18 00:00:00,4,11.643,3,9.157,22.788,0,0,0.60535,0
INC-000138,2024-01-18 03:00:00,1,13.475,3,12.847,5.993,1,0,0.67127,0
INC-000139,2024-01-18 06:00:00,2,1.211,5,10.874,6.485,1,0,0.91207,0
INC-000140,2024-01-18 09:00:00,3,17.89,3,0.599,23.375,0,1,0.94141,0
INC-000141,2024-01-18 12:00:00,5,14.179,2,1.721,6.297,0,0,0.77564,0
INC-000142,2024-01-18 15:00:00,2,1.485,5,6.33,49.275,1,0,0.91181,0
INC-000143,2024-01-18 18:00:00,2,10.87,5,9.253,13.933,0,0,0.80146,0
INC-000144,2024-01-18 21:00:00,3,50.423,2,1.492,55.071,0,0,0.58827,0
INC-000145,2024-01-19 00:00:00,5,5.128,5,7.282,47.259,0,0,0.75339,0
INC-000146,2024-01-19 03:00:00,5,31.874,5,11.45,18.911,0,0,0.58167,0
INC-000147,2024-01-19 06:00:00,1,5.984,2,8.994,23.946,0,0,0.7032,0
INC-000148,2024-01-19 09:00:00,2,47.212,4,7.197,41.285,1,0,0.83094,0
INC-000149,2024-01-19 12:00:00,5,8.81,3,4.064,8.306,1,0,0.58166,0
INC-000150,2024-01-19 15:00:00,1,8.85,3,3.897,14.97,0,1,0.8116,0
INC-000151,2024-01-19 18:00:00,5,58.836,3,17.625,54.153,1,0,0.78928,1
INC-000152,2024-01-19 21:00:00,2,8.303,3,2.72,38.062,0,0,0.79208,0
INC-000153,2024-01-20 00:00:00,5,16.269,3,1.729,17.142,0,0,0.94269,0
INC-000154,2024-01-20 03:00:00,2,34.521,1,1.009,24.1,0,0,0.76157,0
INC-000155,2024-01-20 06:00:00,3,2.853,2,6.868,11.996,0,0,0.90022,0
INC-000156,2024-01-20 09:00:00,4,1.132,4,6.154,16.013,0,0,0.60342,0
INC-000157,2024-01-20 12:00:00,1,15.04,2,4.388,30.419,0,0,0.60452,0
INC-000158,2024-01-20 15:00:00,3,10.421,2,6.151,16.057,0,0,0.80157,0
INC-000159,2024-01-20 18:00:00,3,7.398,6,8.177,33.884,0,0,0.84774,0
INC-000160,2024-01-20 21:00:00,4,19.898,3,3.589,6.302,0,1,0.61607,0
INC-000161,2024-01-21 00:00:00,5,29.079,4,6.499,30.174,0,0,0.76299,0
INC-000162,2024-01-21 03:00:00,4,15.984,2,3.312,9.187,0,0,0.61705,0
INC-000163,2024-01-21 06:00:00,3,29.208,7,6.672,18.508,1,0,0.83753,0
INC-000164,2024-01-21 09:00:00,3,20.009,4,11.515,11.398,0,0,0.74737,0
INC-000165,2024-01-21 12:00:00,3,14.265,3,8.809,30.231,1,0,0.76488,0
INC-000166,2024-01-21 15:00:00,5,10.727,5,14.517,6.938,1,0,0.62416,0
INC-000167,2024-01-21 18:00:00,2,18.601,3,2.742,34.167,1,0,0.48832,0
INC-000168,2024-01-21 21:00:00,1,14.966,4,2.199,20.579,0,0,0.70181,0
INC-000169,2024-01-22 00:00:00,2,24.217,3,6.053,17.31,0,0,0.88488,0
INC-000170,2024-01-22 03:00:00,1,2.817,7,2.824,12.719,0,0,0.63522,0
INC-000171,2024-01-22 06:00:00,1,13.265,4,6.903,14.757,0,0,0.96129,0
INC-000172,2024-01-22 09:00:00,1,4.501,2,5.126,46.555,0,0,0.67737,0
INC-000173,2024-01-22 12:00:00,4,3.394,4,1.769,12.504,0,1,0.70742,0
INC-000174,2024-01-22 15:00:00,4,27.139,6,6.272,46.785,0,0,0.58822,0
INC-000175,2024-01-22 18:00:00,4,21.401,4,1.894,57.028,1,0,0.80522,0
INC-000176,2024-01-22 21:00:00,3,12.259,3,12.126,17.008,0,0,0.95776,0
INC-000177,2024-01-23 00:00:00,4,0.686,6,3.666,5.417,1,0,0.60344,0
INC-000178,2024-01-23 03:00:00,1,1.011,3,2.183,39.257,1,0,0.88095,0
INC-000179,2024-01-23 06:00:00,5,13.602,2,5.257,38.96,1,0,0.75052,0
INC-000180,2024-01-23 09:00:00,3,13.493,3,5.729,47.237,0,0,0.55617,0
INC-000181,2024-01-23 12:00:00,5,14.722,4,2.669,19.522,1,0,0.75038,0
INC-000182,2024-01-23 15:00:00,1,6.314,2,2.555,25.87,0,0,0.91526,0
INC-000183,2024-01-23 18:00:00,3,2.663,7,0.734,14.609,1,0,0.72453,0
INC-000184,2024-01-23 21:00:00,4,18.796,4,8.474,14.11,0,0,0.78933,0
INC-000185,2024-01-24 00:00:00,3,13.382,1,11.887,24.925,0,0,0.90365,0
INC-000186,2024-01-24 03:00:00,3,55.381,4,9.468,41.541,0,0,0.54088,0
INC-000187,2024-01-24 06:00:00,1,8.051,4,2.125,35.544,1,0,0.73158,0
INC-000188,2024-01-24 09:00:00,2,8.494,8,6.153,21.26,1,0,0.72487,0
INC-000189,2024-01-24 12:00:00,2,16.076,5,5.331,43.885,0,0,0.80421,0
INC-000190,2024-01-24 15:00:00,2,44.396,2,0.982,7.098,0,0,0.80694,0
INC-000191,2024-01-24 18:00:00,4,9.038,4,2.655,88.464,0,0,0.85148,0
INC-000192,2024-01-24 21:00:00,4,16.991,6,5.818,7.814,1,0,0.71801,0
INC-000193,2024-01-25 00:00:00,4,4.548,4,0.442,19.989,0,0,0.68424,0
INC-000194,2024-01-25 03:00:00,2,12.511,3,1.506,24.646,1,0,0.54378,0
INC-000195,2024-01-25 06:00:00,5,5.044,3,7.746,25.327,1,1,0.79776,0
INC-000196,2024-01-25 09:00:00,1,12.181,3,2.062,40.998,0,1,0.82961,0
INC-000197,2024-01-25 12:00:00,2,9.768,3,1.001,10.392,0,0,0.74367,0
INC-000198,2024-01-25 15:00:00,1,13.901,1,9.114,26.544,0,0,0.72827,0
INC-000199,2024-01-25 18:00:00,2,19.483,1,2.064,33.577,1,0,0.83621,0
INC-000200,2024-01-25 21:00:00,5,10.516,4,7.793,44.994,0,0,0.97013,0
INC-000201,2024-01-26 00:00:00,2,5.559,5,14.297,16.865,1,0,0.8057,0
INC-000202,2024-01-26 03:00:00,5,35.697,4,1.463,23.033,1,0,0.67162,1
INC-000203,2024-01-26 06:00:00,3,18.742,4,3.797,20.804,0,1,0.54221,0
INC-000204,2024-01-26 09:00:00,4,21.631,5,5.383,32.467,0,0,0.95394,0
INC-000205,2024-01-26 12:00:00,3,17.496,4,8.996,32.615,0,0,0.66227,0
INC-000206,2024-01-26 15:00:00,2,13.328,6,2.655,16.334,0,0,0.79914,0
INC-000207,2024-01-26 18:00:00,4,9.427,9,0.226,20.512,1,1,0.67817,0
INC-000208,2024-01-26 21:00:00,5,31.708,1,1.466,21.646,0,0,0.70163,0
INC-000209,2024-01-27 00:00:00,2,8.432,5,3.161,9.001,0,1,0.67576,0
INC-000210,2024-01-27 03:00:00,4,21.709,4,7.789,27.592,0,0,0.71942,0
INC-000211,2024-01-27 06:00:00,2,5.749,2,3.836,26.841,1,0,0.84023,0
INC-000212,2024-01-27 09:00:00,4,5.93,2,7.404,9.083,0,0,0.57473,0
INC-000213,2024-01-27 12:00:00,4,6.37,3,3.063,28.897,0,0,0.82358,0
INC-000214,2024-01-27 15:00:00,3,10.187,5,4.987,96.568,0,0,0.95839,0
INC-000215,2024-01-27 18:00:00,4,7.156,6,8.24,11.407,1,0,0.75485,0
INC-000216,2024-01-27 21:00:00,2,25.732,3,9.93,9.002,0,0,0.63818,0
INC-000217,2024-01-28 00:00:00,1,29.313,1,16.616,33.285,0,0,0.85222,0
INC-000218,2024-01-28 03:00:00,1,3.681,2,5.55,16.255,1,0,0.74926,0
INC-000219,2024-01-28 06:00:00,3,5.89,4,0.585,41.085,0,0,0.81684,0
INC-000220,2024-01-28 09:00:00,5,17.172,4,6.34,19.8,0,0,0.84972,0
INC-000221,2024-01-28 12:00:00,1,13.159,7,0.541,13.32,0,0,0.92461,0
INC-000222,2024-01-28 15:00:00,3,19.226,3,6.943,19.561,0,0,0.66824,0
INC-000223,2024-01-28 18:00:00,4,23.561,1,4.848,32.609,0,1,0.75207,0
INC-000224,2024-01-28 21:00:00,2,21.932,3,9.543,31.847,0,0,0.84662,0
INC-000225,2024-01-29 00:00:00,4,14.614,4,3.053,6.408,0,0,0.6485,0
INC-000226,2024-01-29 03:00:00,2,0.622,1,5.042,32.544,0,0,0.73697,0
INC-000227,2024-01-29 06:00:00,5,2.499,6,6.43,22.109,0,0,0.95347,0
INC-000228,2024-01-29 09:00:00,3,15.853,3,0.296,23.45,0,0,0.93826,0
INC-000229,2024-01-29 12:00:00,3,15.534,2,6.201,27.607,0,0,0.74012,0
INC-000230,2024-01-29 15:00:00,1,11.166,3,2.222,8.858,0,0,0.97176,0
INC-000231,2024-01-29 18:00:00,3,21.929,2,5.706,6.164,0,1,0.84285,0
INC-000232,2024-01-29 21:00:00,5,6.595,2,0.437,6.613,1,0,0.78677,0
INC-000233,2024-01-30 00:00:00,1,5.018,4,7.203,39.399,0,0,0.88384,0
INC-000234,2024-01-30 03:00:00,4,23.114,3,6.748,39.18,1,0,0.62122,0
INC-000235,2024-01-30 06:00:00,3,13.497,5,9.244,2.086,0,0,0.78345,0
INC-000236,2024-01-30 09:00:00,4,27.917,9,0.767,20.478,0,0,0.84527,0
INC-000237,2024-01-30 12:00:00,4,6.697,7,16.294,14.29,1,0,0.82247,0
INC-000238,2024-01-30 15:00:00,3,18.794,5,1.223,9.849,0,0,0.90069,0
INC-000239,2024-01-30 18:00:00,2,12.863,3,5.022,44.644,1,0,0.80912,0
INC-000240,2024-01-30 21:00:00,4,15.269,8,3.236,50.603,0,0,0.68029,0
INC-000241,2024-01-31 00:00:00,1,5.499,3,3.941,24.263,0,0,0.68955,0
INC-000242,2024-01-31 03:00:00,3,9.235,3,14.639,13.619,0,0,0.56829,0
INC-000243,2024-01-31 06:00:00,1,9.866,5,1.427,15.604,0,0,0.85024,0
INC-000244,2024-01-31 09:00:00,4,5.01,3,13.048,8.488,0,0,0.54403,0
INC-000245,2024-01-31 12:00:00,4,14.547,3,8.016,15.409,0,0,0.83295,0
INC-000246,2024-01-31 15:00:00,1,5.253,4,4.328,10.958,1,0,0.77356,0
INC-000247,2024-01-31 18:00:00,4,28.159,3,4.292,48.435,0,0,0.84698,0
INC-000248,2024-01-31 21:00:00,3,6.04,3,6.778,4.217,0,0,0.66442,0
INC-000249,2024-02-01 00:00:00,4,15.533,4,3.037,36.424,0,1,0.81086,0
INC-000250,2024-02-01 03:00:00,1,11.709,3,3.587,10.36,0,0,0.86015,0
INC-000251,2024-02-01 06:00:00,1,6.497,2,5.006,32.343,0,0,0.95914,0
INC-000252,2024-02-01 09:00:00,3,32.993,4,12.001,18.953,0,0,0.85503,0
INC-000253,2024-02-01 12:00:00,1,17.036,3,3.901,36.812,1,0,0.7397,0
INC-000254,2024-02-01 15:00:00,2,13.737,2,0.677,6.907,0,0,0.75455,0
INC-000255,2024-02-01 18:00:00,4,10.464,2,5.181,13.135,0,1,0.85897,0
INC-000256,2024-02-01 21:00:00,1,7.076,6,4.106,16.346,0,0,0.66012,0
INC-000257,2024-02-02 00:00:00,4,16.932,3,2.437,21.948,0,0,0.65091,0
INC-000258,2024-02-02 03:00:00,1,5.294,5,5.852,21.71,0,0,0.9549,0
INC-000259,2024-02-02 06:00:00,1,6.776,3,2.518,8.417,0,1,0.78402,0
INC-000260,2024-02-02 09:00:00,3,22.209,2,3.823,6.463,1,0,0.62867,0
INC-000261,2024-02-02 12:00:00,4,7.982,5,5.031,17.121,0,0,0.71466,0
INC-000262,2024-02-02 15:00:00,1,31.522,2,5.443,19.925,1,1,0.81541,0
INC-000263,2024-02-02 18:00:00,2,5.001,2,6.235,16.416,1,0,0.72696,0
INC-000264,2024-02-02 21:00:00,5,3.409,5,6.936,4.205,0,0,0.90061,0
INC-000265,2024-02-03 00:00:00,5,2.1,3,4.945,20.563,1,0,0.64675,0
INC-000266,2024-02-03 03:00:00,3,1.811,5,0.878,28.605,0,0,0.94546,0
INC-000267,2024-02-03 06:00:00,3,3.373,3,5.606,24.234,0,1,0.59911,0
INC-000268,2024-02-03 09:00:00,2,26.111,3,9.078,18.446,0,0,0.60352,0
INC-000269,2024-02-03 12:00:00,4,58.516,6,0.665,22.854,0,0,0.95462,0
INC-000270,2024-02-03 15:00:00,3,13.269,3,0.891,11.292,0,0,0.89841,0
INC-000271,2024-02-03 18:00:00,2,40.958,3,2.156,44.672,1,0,0.65227,0
INC-000272,2024-02-03 21:00:00,1,15.817,5,8.664,14.072,0,0,0.70777,0
INC-000273,2024-02-04 00:00:00,1,24.564,2,2.039,29.231,0,0,0.58588,0
INC-000274,2024-02-04 03:00:00,5,5.268,5,8.757,17.901,0,0,0.82121,0
INC-000275,2024-02-04 06:00:00,3,26.219,2,5.341,37.899,1,1,0.63217,0
INC-000276,2024-02-04 09:00:00,3,17.493,5,2.633,13.822,0,0,0.61433,0
INC-000277,2024-02-04 12:00:00,3,13.591,3,26.478,38.129,0,0,0.76795,0
INC-000278,2024-02-04 15:00:00,4,15.322,4,1.27,48.496,0,0,0.74983,0
INC-000279,2024-02-04 18:00:00,1,9.978,1,4.51,10.567,1,0,0.72572,0
INC-000280,2024-02-04 21:00:00,1,10.339,5,1.811,35.426,0,0,0.9359,0
INC-000281,2024-02-05 00:00:00,2,26.195,5,5.825,55.697,0,0,0.58568,0
INC-000282,2024-02-05 03:00:00,3,29.848,4,1.896,25.588,0,0,0.81488,0
INC-000283,2024-02-05 06:00:00,4,5.235,2,2.989,42.745,0,0,0.97316,0
INC-000284,2024-02-05 09:00:00,3,13.575,3,2.263,49.221,0,1,0.75434,0
INC-000285,2024-02-05 12:00:00,3,0.739,4,3.522,38.913,1,0,0.60961,0
INC-000286,2024-02-05 15:00:00,5,22.081,3,9.026,11.516,0,0,0.85396,0
INC-000287,2024-02-05 18:00:00,1,20.442,2,1.09,28.065,0,0,0.78614,0
INC-000288,2024-02-05 21:00:00,3,45.039,6,2.082,30.49,1,0,0.88826,0
INC-000289,2024-02-06 00:00:00,3,60.84,2,3.11,3.651,0,0,0.96414,0
INC-000290,2024-02-06 03:00:00,3,26.77,4,3.652,19.005,0,0,0.67859,0
INC-000291,2024-02-06 06:00:00,5,30.578,4,11.449,22.949,0,0,0.90645,0
INC-000292,2024-02-06 09:00:00,2,20.811,2,2.18,28.963,0,1,0.7403,0
INC-000293,2024-02-06 12:00:00,5,10.674,3,8.736,9.171,0,1,0.73161,0
INC-000294,2024-02-06 15:00:00,2,4.555,6,12.525,17.898,0,0,0.58034,0
INC-000295,2024-02-06 18:00:00,3,39.062,4,3.857,24.231,0,0,0.7093,0
INC-000296,2024-02-06 21:00:00,3,4.063,8,1.701,15.208,1,0,0.92691,0
INC-000297,2024-02-07 00:00:00,5,8.274,4,10.405,3.56,0,0,0.86309,0
INC-000298,2024-02-07 03:00:00,3,15.87,1,8.186,46.056,0,0,0.7732,0
INC-000299,2024-02-07 06:00:00,2,1.677,3,1.544,68.71,0,0,0.58669,0
INC-000300,2024-02-07 09:00:00,1,1.37,2,13.954,26.561,1,0,0.76445,0
INC-000301,2024-02-07 12:00:00,2,1.511,5,2.38,26.909,0,0,0.50371,0
INC-000302,2024-02-07 15:00:00,5,6.183,5,3.812,20.054,0,0,0.53154,0
INC-000303,2024-02-07 18:00:00,1,8.422,4,7.193,6.544,1,0,0.56858,0
INC-000304,2024-02-07 21:00:00,5,23.741,2,12.765,4.716,0,0,0.83483,0
INC-000305,2024-02-08 00:00:00,3,41.501,6,5.577,43.735,1,0,0.925,0
INC-000306,2024-02-08 03:00:00,1,10.352,6,3.483,63.905,0,0,0.77427,0
INC-000307,2024-02-08 06:00:00,2,37.38,5,3.062,28.392,1,1,0.70437,0
INC-000308,2024-02-08 09:00:00,3,41.404,3,3.481,15.061,0,1,0.70569,0
INC-000309,2024-02-08 12:00:00,2,36.18,2,19.686,17.891,1,0,0.89763,0
INC-000310,2024-02-08 15:00:00,1,24.209,3,6.203,31.276,0,0,0.90641,0
INC-000311,2024-02-08 18:00:00,4,4.816,2,4.99,42.232,0,0,0.70146,0
INC-000312,2024-02-08 21:00:00,4,3.384,2,8.258,20.332,1,0,0.91542,0
INC-000313,2024-02-09 00:00:00,1,21.0,2,3.697,16.094,0,0,0.92448,0
INC-000314,2024-02-09 03:00:00,2,28.669,8,12.292,9.043,0,0,0.78926,0
INC-000315,2024-02-09 06:00:00,2,29.264,3,6.617,13.753,0,0,0.86676,0
INC-000316,2024-02-09 09:00:00,4,24.364,3,3.415,29.969,0,0,0.71804,0
INC-000317,2024-02-09 12:00:00,4,48.969,4,2.838,25.361,0,0,0.84795,0
INC-000318,2024-02-09 15:00:00,4,3.293,6,0.797,23.859,0,0,0.79518,0
INC-000319,2024-02-09 18:00:00,5,7.863,3,9.03,9.342,0,0,0.52902,0
INC-000320,2024-02-09 21:00:00,4,26.792,2,1.097,17.203,0,0,0.66352,0
INC-000321,2024-02-10 00:00:00,2,24.953,6,11.791,35.748,0,0,0.53948,0
INC-000322,2024-02-10 03:00:00,1,14.449,3,2.052,52.839,0,0,0.92777,0
INC-000323,2024-02-10 06:00:00,4,17.325,6,2.299,34.536,0,0,0.69869,0
INC-000324,2024-02-10 09:00:00,5,9.835,7,16.358,42.124,0,0,0.90921,0
INC-000325,2024-02-10 12:00:00,5,12.97,2,8.53,3.671,0,0,0.76895,0
INC-000326,2024-02-10 15:00:00,2,17.8,3,4.897,47.03,0,1,0.88173,0
INC-000327,2024-02-10 18:00:00,2,15.206,1,15.274,28.115,0,0,0.90899,0
INC-000328,2024-02-10 21:00:00,1,15.715,3,4.182,24.028,0,0,0.77701,0
INC-000329,2024-02-11 00:00:00,1,20.92,4,2.976,25.793,0,0,0.79041,0
INC-000330,2024-02-11 03:00:00,3,32.302,4,5.274,59.679,0,0,0.73401,0
INC-000331,2024-02-11 06:00:00,3,16.062,3,9.502,14.593,0,1,0.72904,0
INC-000332,2024-02-11 09:00:00,2,11.692,3,1.375,25.811,0,0,0.55773,0
INC-000333,2024-02-11 12:00:00,2,12.33,2,2.257,18.811,0,0,0.49528,0
INC-000334,2024-02-11 15:00:00,5,43.356,7,1.766,9.798,0,0,0.6965,1
INC-000335,2024-02-11 18:00:00,3,21.408,5,1.5,5.464,0,0,0.8602,0
INC-000336,2024-02-11 21:00:00,5,18.188,7,3.831,9.66,1,0,0.88909,0
INC-000337,2024-02-12 00:00:00,5,10.457,5,1.47,11.869,0,0,0.93106,0
INC-000338,2024-02-12 03:00:00,2,19.966,2,0.706,19.446,0,1,0.93636,0
INC-000339,2024-02-12 06:00:00,2,29.188,3,2.244,42.124,1,0,0.73345,0
INC-000340,2024-02-12 09:00:00,5,39.701,4,2.112,9.686,1,0,0.93402,0
INC-000341,2024-02-12 12:00:00,4,28.386,6,6.343,11.695,0,0,0.57853,0
INC-000342,2024-02-12 15:00:00,2,7.31,5,8.902,58.863,0,0,0.72527,0
INC-000343,2024-02-12 18:00:00,4,35.822,5,2.572,14.964,0,0,0.63718,0
INC-000344,2024-02-12 21:00:00,3,49.738,3,2.288,12.904,0,0,0.76088,0
INC-000345,2024-02-13 00:00:00,5,17.097,3,15.73,13.304,0,1,0.83206,0
INC-000346,2024-02-13 03:00:00,2,21.558,5,8.665,22.665,0,0,0.63624,0
INC-000347,2024-02-13 06:00:00,5,26.474,2,5.812,19.613,1,0,0.79882,0
INC-000348,2024-02-13 09:00:00,5,26.455,2,3.344,12.161,0,0,0.54452,0
INC-000349,2024-02-13 12:00:00,1,13.463,5,8.523,15.641,1,0,0.73552,0
INC-000350,2024-02-13 15:00:00,1,29.574,4,1.635,36.511,0,0,0.62691,0
INC-000351,2024-02-13 18:00:00,3,39.777,3,8.814,24.841,0,1,0.85593,0
INC-000352,2024-02-13 21:00:00,1,5.285,5,6.59,49.582,1,0,0.68245,0
INC-000353,2024-02-14 00:00:00,2,19.422,6,7.573,16.918,0,0,0.94234,1
INC-000354,2024-02-14 03:00:00,3,22.789,3,4.96,36.417,0,0,0.83288,0
INC-000355,2024-02-14 06:00:00,5,19.313,6,1.214,37.285,0,0,0.95879,0
INC-000356,2024-02-14 09:00:00,5,28.975,3,1.684,11.56,0,0,0.88468,0
INC-000357,2024-02-14 12:00:00,1,5.133,1,6.869,27.211,1,0,0.82996,0
INC-000358,2024-02-14 15:00:00,5,46.296,2,6.337,21.514,0,0,0.82791,0
INC-000359,2024-02-14 18:00:00,1,17.644,3,2.831,3.904,1,0,0.45573,0
INC-000360,2024-02-14 21:00:00,4,36.323,4,2.781,5.759,0,1,0.66693,0
INC-000361,2024-02-15 00:00:00,5,4.717,4,10.623,23.293,1,0,0.75245,0
INC-000362,2024-02-15 03:00:00,5,33.744,5,4.462,4.255,0,0,0.84416,0
INC-000363,2024-02-15 06:00:00,2,8.025,2,2.151,3.299,0,1,0.74661,0
INC-000364,2024-02-15 09:00:00,5,5.194,2,11.881,21.135,1,0,0.92899,0
INC-000365,2024-02-15 12:00:00,1,4.134,3,11.099,1.859,0,0,0.86264,0
INC-000366,2024-02-15 15:00:00,3,7.213,7,4.458,8.399,0,0,0.86222,0
INC-000367,2024-02-15 18:00:00,3,4.289,4,5.227,21.064,1,0,0.55609,0
INC-000368,2024-02-15 21:00:00,2,11.933,8,8.701,18.484,0,0,0.53151,0
INC-000369,2024-02-16 00:00:00,1,17.061,3,7.252,18.476,0,0,0.80255,0
INC-000370,2024-02-16 03:00:00,4,4.574,3,1.182,30.893,0,1,0.70198,0
INC-000371,2024-02-16 06:00:00,2,18.325,2,12.167,40.118,1,0,0.87215,0
INC-000372,2024-02-16 09:00:00,4,18.129,6,0.969,42.921,0,1,0.94096,0
INC-000373,2024-02-16 12:00:00,3,14.709,4,6.3,62.285,0,0,0.78623,0
INC-000374,2024-02-16 15:00:00,2,17.197,2,1.45,2.155,0,0,0.66761,0
INC-000375,2024-02-16 18:00:00,5,5.074,5,7.245,10.893,0,0,0.92615,0
INC-000376,2024-02-16 21:00:00,1,26.581,3,2.382,7.904,0,0,0.65384,0
INC-000377,2024-02-17 00:00:00,4,8.531,5,2.532,63.581,1,0,0.92422,0
INC-000378,2024-02-17 03:00:00,4,33.068,6,8.343,21.4,1,0,0.9405,0
INC-000379,2024-02-17 06:00:00,2,18.324,3,1.452,19.189,1,1,0.66752,0
INC-000380,2024-02-17 09:00:00,2,13.811,3,2.84,14.289,0,0,0.52604,0
INC-000381,2024-02-17 12:00:00,1,11.092,3,1.506,13.676,0,0,0.60247,0
INC-000382,2024-02-17 15:00:00,5,30.53,2,4.936,13.608,0,0,0.96991,0
INC-000383,2024-02-17 18:00:00,5,10.98,2,1.481,14.569,0,0,0.61644,0
INC-000384,2024-02-17 21:00:00,2,55.237,3,5.9,13.436,0,1,0.78196,0
INC-000385,2024-02-18 00:00:00,1,40.395,1,11.007,53.949,0,0,0.79267,0
INC-000386,2024-02-18 03:00:00,1,2.595,7,0.578,77.808,0,0,0.46866,0
INC-000387,2024-02-18 06:00:00,1,7.721,2,2.4,74.779,0,0,0.91049,0
INC-000388,2024-02-18 09:00:00,5,21.325,4,1.647,3.724,0,0,0.79391,0
INC-000389,2024-02-18 12:00:00,5,17.827,4,1.215,12.025,0,0,0.73379,0
INC-000390,2024-02-18 15:00:00,1,9.275,5,5.783,2.808,1,0,0.69557,0
INC-000391,2024-02-18 18:00:00,4,3.24,3,5.267,76.559,0,1,0.81059,0
INC-000392,2024-02-18 21:00:00,1,43.557,3,12.126,26.625,0,0,0.62891,0
INC-000393,2024-02-19 00:00:00,2,33.078,4,7.701,35.744,0,0,0.99886,0
INC-000394,2024-02-19 03:00:00,3,33.479,5,4.672,18.027,0,0,0.74183,0
INC-000395,2024-02-19 06:00:00,4,23.179,2,5.584,19.252,0,0,0.74506,0
INC-000396,2024-02-19 09:00:00,5,58.684,5,2.845,46.061,1,0,0.71581,0
INC-000397,2024-02-19 12:00:00,1,5.874,2,5.731,21.245,1,1,0.80658,0
INC-000398,2024-02-19 15:00:00,1,28.772,4,0.996,21.915,0,0,0.71258,0
INC-000399,2024-02-19 18:00:00,2,15.711,4,3.983,33.658,0,0,0.64032,0
INC-000400,2024-02-19 21:00:00,2,15.367,3,6.462,30.865,0,0,0.94251,0
INC-000401,2024-02-20 00:00:00,5,25.48,4,3.811,20.695,1,0,0.8207,0
INC-000402,2024-02-20 03:00:00,4,5.377,6,2.494,14.001,0,0,0.64433,0
INC-000403,2024-02-20 06:00:00,2,4.67,2,4.849,13.147,0,0,0.88643,0
INC-000404,2024-02-20 09:00:00,5,1.733,5,2.17,43.374,1,0,0.87246,0
INC-000405,2024-02-20 12:00:00,3,12.106,2,3.623,22.271,0,0,0.55465,0
INC-000406,2024-02-20 15:00:00,3,6.433,5,8.275,10.686,0,0,0.77749,0
INC-000407,2024-02-20 18:00:00,3,23.83,2,8.668,38.582,1,1,0.8663,0
INC-000408,2024-02-20 21:00:00,1,4.724,3,5.367,20.404,0,0,0.83494,0
INC-000409,2024-02-21 00:00:00,5,23.932,5,1.806,3.566,0,0,0.50613,0
INC-000410,2024-02-21 03:00:00,1,38.035,3,3.337,11.243,0,0,0.75161,0
INC-000411,2024-02-21 06:00:00,1,11.853,6,4.925,20.457,0,0,0.81002,0
INC-000412,2024-02-21 09:00:00,2,10.599,5,2.393,4.496,0,1,0.92846,0
INC-000413,2024-02-21 12:00:00,2,33.934,3,14.539,25.68,0,0,0.83777,0
INC-000414,2024-02-21 15:00:00,1,5.531,5,2.443,28.992,0,0,0.90121,0
INC-000415,2024-02-21 18:00:00,1,33.223,7,4.666,41.014,0,1,0.80498,0
INC-000416,2024-02-21 21:00:00,4,36.566,6,9.079,23.826,0,0,0.55756,0
INC-000417,2024-02-22 00:00:00,5,4.482,5,12.92,11.783,0,0,0.75201,0
INC-000418,2024-02-22 03:00:00,1,2.269,7,1.775,3.699,0,0,0.87697,0
INC-000419,2024-02-22 06:00:00,2,27.384,3,1.04,3.514,0,0,0.69117,0
INC-000420,2024-02-22 09:00:00,3,2.423,4,5.324,17.7,0,0,0.78527,0
INC-000421,2024-02-22 12:00:00,5,7.288,9,15.78,17.689,0,0,0.88336,0
INC-000422,2024-02-22 15:00:00,4,19.28,4,1.207,4.32,1,0,0.73855,0
INC-000423,2024-02-22 18:00:00,4,17.301,3,3.451,25.201,0,0,0.77954,0
INC-000424,2024-02-22 21:00:00,3,8.973,2,5.692,14.183,0,1,0.48064,0
INC-000425,2024-02-23 00:00:00,3,11.469,5,4.841,8.598,0,0,0.98384,0
INC-000426,2024-02-23 03:00:00,1,11.639,3,6.397,6.554,0,0,0.40161,0
INC-000427,2024-02-23 06:00:00,5,3.198,3,11.633,54.282,0,0,0.73423,0
INC-000428,2024-02-23 09:00:00,5,14.569,3,9.221,3.074,0,0,0.33862,0
INC-000429,2024-02-23 12:00:00,1,12.321,3,3.39,64.392,0,0,0.83637,0
INC-000430,2024-02-23 15:00:00,4,0.953,3,1.194,9.073,0,0,0.93281,0
INC-000431,2024-02-23 18:00:00,1,33.507,5,9.736,68.473,0,0,0.86225,0
INC-000432,2024-02-23 21:00:00,4,21.286,4,3.447,3.921,1,0,0.79586,0
INC-000433,2024-02-24 00:00:00,5,24.859,2,4.795,26.938,0,0,0.93063,0
INC-000434,2024-02-24 03:00:00,1,7.963,5,8.541,47.347,0,0,0.87999,0
INC-000435,2024-02-24 06:00:00,3,64.001,3,9.52,48.07,0,0,0.67631,0
INC-000436,2024-02-24 09:00:00,1,43.215,2,8.183,26.836,0,0,0.98908,0
INC-000437,2024-02-24 12:00:00,3,35.638,4,13.992,24.087,1,0,0.83916,0
INC-000438,2024-02-24 15:00:00,5,14.908,1,4.391,5.042,0,0,0.71651,0
INC-000439,2024-02-24 18:00:00,1,25.329,2,2.595,38.754,0,0,0.85386,0
INC-000440,2024-02-24 21:00:00,2,24.22,4,1.981,44.186,0,0,0.73931,0
INC-000441,2024-02-25 00:00:00,5,20.199,5,2.726,20.804,1,0,0.73257,0
INC-000442,2024-02-25 03:00:00,2,3.064,7,2.821,23.436,0,0,0.97014,0
INC-000443,2024-02-25 06:00:00,1,9.331,6,5.402,103.338,0,0,0.6067,0
INC-000444,2024-02-25 09:00:00,3,35.416,2,6.913,5.592,0,0,0.75238,0
INC-000445,2024-02-25 12:00:00,3,13.266,3,1.739,27.412,0,0,0.97098,0
INC-000446,2024-02-25 15:00:00,4,7.85,3,8.567,38.076,0,0,0.51302,0
INC-000447,2024-02-25 18:00:00,2,14.027,4,9.183,3.426,0,0,0.70066,0
INC-000448,2024-02-25 21:00:00,5,2.212,3,7.042,3.821,1,0,0.56961,0
INC-000449,2024-02-26 00:00:00,3,26.668,1,3.077,10.66,0,0,0.88872,0
INC-000450,2024-02-26 03:00:00,2,21.256,3,11.347,11.46,0,0,0.67425,0
INC-000451,2024-02-26 06:00:00,5,3.38,6,4.336,9.981,1,0,0.61991,0
INC-000452,2024-02-26 09:00:00,5,8.279,5,2.33,11.836,0,0,0.70944,0
INC-000453,2024-02-26 12:00:00,3,6.482,5,1.729,12.124,0,0,0.64738,0
INC-000454,2024-02-26 15:00:00,1,27.433,4,5.069,20.556,0,1,0.59952,0
INC-000455,2024-02-26 18:00:00,3,19.117,4,3.127,8.827,1,0,0.52339,0
INC-000456,2024-02-26 21:00:00,3,19.385,4,1.336,16.084,0,0,0.66015,0
INC-000457,2024-02-27 00:00:00,1,6.474,4,1.009,19.75,0,1,0.88767,0
INC-000458,2024-02-27 03:00:00,4,14.788,5,5.683,14.28,0,0,0.67321,0
INC-000459,2024-02-27 06:00:00,5,16.212,3,1.163,27.368,0,0,0.81999,0
INC-000460,2024-02-27 09:00:00,1,13.389,2,9.287,52.18,1,0,0.6379,0
INC-000461,2024-02-27 12:00:00,4,15.216,3,1.937,5.375,0,0,0.84255,0
INC-000462,2024-02-27 15:00:00,1,8.405,3,6.389,8.17,0,1,0.58177,0
INC-000463,2024-02-27 18:00:00,4,45.452,2,4.994,34.536,0,0,0.68038,0
INC-000464,2024-02-27 21:00:00,3,20.13,2,2.559,24.839,0,1,0.78798,0
INC-000465,2024-02-28 00:00:00,1,10.074,3,12.276,36.51,1,1,0.72934,0
INC-000466,2024-02-28 03:00:00,5,15.878,5,7.173,32.922,0,1,0.82766,0
INC-000467,2024-02-28 06:00:00,1,12.369,6,4.133,11.725,0,0,0.82514,0
INC-000468,2024-02-28 09:00:00,3,5.516,2,2.104,54.945,0,0,0.44946,0
INC-000469,2024-02-28 12:00:00,1,32.774,4,6.757,55.872,1,0,0.71385,0
INC-000470,2024-02-28 15:00:00,5,1.541,5,7.557,8.422,0,0,0.57151,0
INC-000471,2024-02-28 18:00:00,4,5.021,3,4.653,49.889,0,1,0.74296,0
INC-000472,2024-02-28 21:00:00,5,32.706,7,4.222,53.542,0,0,0.61272,0
INC-000473,2024-02-29 00:00:00,3,34.374,2,7.162,67.044,1,0,0.7242,0
INC-000474,2024-02-29 03:00:00,3,9.71,5,4.06,33.412,1,1,0.95999,0
INC-000475,2024-02-29 06:00:00,4,6.104,2,2.308,15.309,0,0,0.61845,0
INC-000476,2024-02-29 09:00:00,4,6.15,2,1.254,11.051,0,1,0.63355,0
INC-000477,2024-02-29 12:00:00,5,14.174,5,4.087,15.313,0,0,0.69769,0
INC-000478,2024-02-29 15:00:00,1,4.283,2,1.22,6.211,0,0,0.72902,0
INC-000479,2024-02-29 18:00:00,4,20.177,2,7.632,27.809,0,0,0.80804,0
INC-000480,2024-02-29 21:00:00,1,19.687,2,4.089,17.587,0,0,0.65858,0
INC-000481,2024-03-01 00:00:00,2,13.945,3,8.507,5.084,0,0,0.82591,0
INC-000482,2024-03-01 03:00:00,5,19.229,6,5.304,11.27,0,0,0.8642,0
INC-000483,2024-03-01 06:00:00,2,23.986,3,6.424,47.082,0,0,0.76748,0
INC-000484,2024-03-01 09:00:00,4,11.709,2,2.499,28.197,0,1,0.87373,0
INC-000485,2024-03-01 12:00:00,3,17.261,5,3.878,10.159,1,0,0.84839,0
INC-000486,2024-03-01 15:00:00,2,56.54,3,5.251,65.867,0,0,0.95042,0
INC-000487,2024-03-01 18:00:00,2,19.951,3,4.799,25.444,0,0,0.64627,0
INC-000488,2024-03-01 21:00:00,3,23.76,4,4.641,6.902,1,1,0.59542,0
INC-000489,2024-03-02 00:00:00,4,16.728,5,1.732,15.379,1,1,0.69331,0
INC-000490,2024-03-02 03:00:00,4,14.416,3,0.817,4.723,1,0,0.68502,0
INC-000491,2024-03-02 06:00:00,5,17.639,1,1.627,54.882,1,0,0.79821,0
INC-000492,2024-03-02 09:00:00,5,23.115,5,0.421,37.373,0,1,0.68491,0
INC-000493,2024-03-02 12:00:00,4,3.178,3,0.927,10.557,0,1,0.64903,0
INC-000494,2024-03-02 15:00:00,4,28.194,6,5.549,2.602,1,0,0.81622,0
INC-000495,2024-03-02 18:00:00,2,14.631,5,3.493,36.937,0,0,0.79275,0
INC-000496,2024-03-02 21:00:00,3,2.23,2,2.202,24.825,0,0,0.56375,0
INC-000497,2024-03-03 00:00:00,1,3.756,4,3.439,49.254,0,0,0.91903,0
INC-000498,2024-03-03 03:00:00,2,3.918,4,0.681,1.587,0,0,0.48779,0
INC-000499,2024-03-03 06:00:00,5,2.944,6,4.021,34.372,0,0,0.66333,0
INC-000500,2024-03-03 09:00:00,3,13.748,2,1.354,19.17,0,0,0.90199,0
INC-000501,2024-03-03 12:00:00,1,23.065,3,10.248,84.954,0,1,0.87447,0
INC-000502,2024-03-03 15:00:00,4,9.344,5,6.658,6.372,0,0,0.74794,0
INC-000503,2024-03-03 18:00:00,5,8.58,5,6.238,39.834,0,1,0.53144,0
INC-000504,2024-03-03 21:00:00,5,4.156,3,4.744,35.003,0,0,0.63581,0
INC-000505,2024-03-04 00:00:00,2,24.323,2,7.088,4.994,1,1,0.8494,0
INC-000506,2024-03-04 03:00:00,3,30.138,2,4.042,15.939,0,0,0.74123,0
INC-000507,2024-03-04 06:00:00,3,8.191,6,2.158,31.575,0,0,0.95045,0
INC-000508,2024-03-04 09:00:00,2,5.491,4,6.323,10.602,0,0,0.66076,0
INC-000509,2024-03-04 12:00:00,2,29.434,6,8.867,10.887,0,0,0.6011,0
INC-000510,2024-03-04 15:00:00,2,17.328,3,1.835,43.212,0,0,0.72862,0
INC-000511,2024-03-04 18:00:00,5,5.411,3,1.053,72.106,0,0,0.77927,0
INC-000512,2024-03-04 21:00:00,4,15.861,4,14.944,40.574,1,0,0.87893,0
INC-000513,2024-03-05 00:00:00,5,2.983,5,11.189,5.453,0,0,0.6953,0
INC-000514,2024-03-05 03:00:00,5,10.125,7,4.396,0.521,0,0,0.74997,0
INC-000515,2024-03-05 06:00:00,5,11.478,1,0.575,7.328,0,0,0.85858,0
INC-000516,2024-03-05 09:00:00,1,15.677,2,5.292,34.124,1,0,0.77646,0
INC-000517,2024-03-05 12:00:00,5,34.872,4,20.576,37.204,1,0,0.81907,0
INC-000518,2024-03-05 15:00:00,1,18.519,2,7.054,14.666,0,0,0.6332,0
INC-000519,2024-03-05 18:00:00,3,12.111,4,6.627,7.214,1,0,0.68989,0
INC-000520,2024-03-05 21:00:00,3,9.504,2,4.146,15.826,0,0,0.84183,0
INC-000521,2024-03-06 00:00:00,2,7.697,5,6.189,3.335,1,0,0.69671,0
INC-000522,2024-03-06 03:00:00,1,25.606,4,7.031,26.121,1,0,0.91484,0
INC-000523,2024-03-06 06:00:00,1,40.366,4,4.963,23.896,1,0,0.66862,0
INC-000524,2024-03-06 09:00:00,5,15.06,5,3.689,6.748,0,0,0.80359,0
INC-000525,2024-03-06 12:00:00,2,23.358,6,5.029,41.095,0,0,0.81378,0
INC-000526,2024-03-06 15:00:00,2,8.821,4,4.851,21.247,0,1,0.6747,0
INC-000527,2024-03-06 18:00:00,5,24.46,4,0.667,9.775,0,0,0.93742,0
INC-000528,2024-03-06 21:00:00,1,27.781,3,17.93,26.931,1,1,0.69491,0
INC-000529,2024-03-07 00:00:00,5,22.356,4,6.637,83.495,0,0,0.78839,0
INC-000530,2024-03-07 03:00:00,5,32.659,3,9.979,3.6,0,1,0.63184,0
INC-000531,2024-03-07 06:00:00,3,27.814,2,5.442,87.717,0,0,0.82313,0
INC-000532,2024-03-07 09:00:00,1,23.26,3,2.842,21.045,0,0,0.90289,0
INC-000533,2024-03-07 12:00:00,1,16.584,1,8.508,31.903,0,0,0.69537,0
INC-000534,2024-03-07 15:00:00,2,15.999,2,1.014,33.741,0,1,0.87676,0
INC-000535,2024-03-07 18:00:00,3,9.472,2,6.843,10.065,0,0,0.78713,0
INC-000536,2024-03-07 21:00:00,1,1.926,4,8.44,14.387,0,0,0.75114,0
INC-000537,2024-03-08 00:00:00,3,27.275,4,4.1,52.879,0,0,0.77846,0
INC-000538,2024-03-08 03:00:00,1,22.867,7,6.362,59.785,1,0,0.91171,0
INC-000539,2024-03-08 06:00:00,3,26.133,3,0.684,17.634,0,0,0.93066,0
INC-000540,2024-03-08 09:00:00,1,43.714,3,6.574,74.095,0,0,0.89149,0
INC-000541,2024-03-08 12:00:00,4,12.759,1,3.304,19.232,1,0,0.80385,0
INC-000542,2024-03-08 15:00:00,1,20.762,4,6.389,38.172,0,0,0.78989,0
INC-000543,2024-03-08 18:00:00,1,19.985,5,4.248,10.852,0,0,0.71105,0
INC-000544,2024-03-08 21:00:00,1,2.711,3,4.207,36.32,0,0,0.93379,0
INC-000545,2024-03-09 00:00:00,5,31.369,4,6.539,16.443,0,0,0.6522,0
INC-000546,2024-03-09 03:00:00,1,9.883,2,3.441,99.939,0,0,0.93697,0
INC-000547,2024-03-09 06:00:00,3,13.617,7,4.087,28.165,1,0,0.81495,0
INC-000548,2024-03-09 09:00:00,3,3.294,5,15.42,68.293,0,0,0.55378,0
INC-000549,2024-03-09 12:00:00,3,5.373,4,10.466,24.456,0,0,0.84007,0
INC-000550,2024-03-09 15:00:00,4,11.609,5,3.703,21.351,1,1,0.74858,0
INC-000551,2024-03-09 18:00:00,5,24.985,1,4.317,23.976,0,0,0.78861,0
INC-000552,2024-03-09 21:00:00,2,2.237,3,2.693,80.232,0,0,0.81975,0
INC-000553,2024-03-10 00:00:00,5,8.734,1,3.321,13.814,0,1,0.94525,0
INC-000554,2024-03-10 03:00:00,2,5.09,3,3.45,97.147,0,0,0.91421,0
INC-000555,2024-03-10 06:00:00,5,23.649,6,4.798,42.725,0,0,0.78836,0
INC-000556,2024-03-10 09:00:00,3,15.18,2,0.767,77.428,0,0,0.94952,0
INC-000557,2024-03-10 12:00:00,4,10.389,1,3.251,7.285,1,0,0.42808,0
INC-000558,2024-03-10 15:00:00,5,11.187,2,2.833,37.512,1,0,0.66649,0
INC-000559,2024-03-10 18:00:00,4,16.925,6,11.462,54.456,1,0,0.54943,0
INC-000560,2024-03-10 21:00:00,5,8.39,5,4.285,55.511,0,0,0.79375,0
INC-000561,2024-03-11 00:00:00,3,43.836,4,5.307,37.48,0,0,0.86181,0
INC-000562,2024-03-11 03:00:00,1,34.475,5,3.182,15.372,0,0,0.76982,0
INC-000563,2024-03-11 06:00:00,3,15.736,3,4.314,14.51,0,0,0.67811,0
INC-000564,2024-03-11 09:00:00,1,31.045,4,3.328,13.737,0,0,0.56595,0
INC-000565,2024-03-11 12:00:00,5,18.876,3,4.859,26.895,0,0,0.80807,0
INC-000566,2024-03-11 15:00:00,2,25.049,1,6.369,23.649,0,0,0.69765,0
INC-000567,2024-03-11 18:00:00,2,14.019,4,1.45,15.942,0,0,0.6568,0
INC-000568,2024-03-11 21:00:00,2,53.376,7,7.039,18.2,0,1,0.53127,0
INC-000569,2024-03-12 00:00:00,4,44.292,3,2.035,21.587,1,0,0.83945,0
INC-000570,2024-03-12 03:00:00,3,1.313,1,15.81,2.083,0,1,0.90527,0
INC-000571,2024-03-12 06:00:00,5,6.646,3,4.786,16.625,0,1,0.64621,0
INC-000572,2024-03-12 09:00:00,3,21.717,3,5.259,12.896,0,0,0.85304,0
INC-000573,2024-03-12 12:00:00,2,23.899,3,5.416,6.938,0,0,0.73922,0
INC-000574,2024-03-12 15:00:00,1,7.212,5,4.561,7.402,0,0,0.72483,0
INC-000575,2024-03-12 18:00:00,1,30.973,3,2.499,16.382,0,0,0.53894,0
INC-000576,2024-03-12 21:00:00,2,9.46,5,5.272,27.824,0,0,0.67417,0
INC-000577,2024-03-13 00:00:00,5,17.557,3,5.051,29.14,0,0,0.78825,0
INC-000578,2024-03-13 03:00:00,3,18.721,2,2.268,32.241,0,0,0.81477,0
INC-000579,2024-03-13 06:00:00,5,7.02,3,1.472,29.172,0,1,0.57027,0
INC-000580,2024-03-13 09:00:00,1,20.391,4,8.499,14.213,0,0,0.773,0
INC-000581,2024-03-13 12:00:00,1,7.816,4,3.262,7.368,0,0,0.68303,0
INC-000582,2024-03-13 15:00:00,5,4.999,3,3.898,9.218,0,1,0.41056,0
INC-000583,2024-03-13 18:00:00,1,1.97,4,5.072,19.637,0,1,0.98047,0
INC-000584,2024-03-13 21:00:00,1,29.757,6,2.451,23.895,0,0,0.8172,0
INC-000585,2024-03-14 00:00:00,3,21.777,4,5.619,39.687,0,0,0.70859,0
INC-000586,2024-03-14 03:00:00,5,17.631,7,4.044,55.861,1,0,0.8534,0
INC-000587,2024-03-14 06:00:00,4,7.025,3,4.341,15.059,1,0,0.89449,0
INC-000588,2024-03-14 09:00:00,1,8.792,4,9.704,24.545,1,0,0.66639,0
INC-000589,2024-03-14 12:00:00,5,22.659,6,4.938,33.366,0,0,0.73655,0
INC-000590,2024-03-14 15:00:00,5,9.944,3,3.759,21.643,0,1,0.62323,0
INC-000591,2024-03-14 18:00:00,5,36.408,2,1.905,9.483,0,0,0.4329,0
INC-000592,2024-03-14 21:00:00,5,28.933,3,5.408,11.062,0,0,0.86499,0
INC-000593,2024-03-15 00:00:00,2,16.91,5,8.261,41.972,0,0,0.83946,0
INC-000594,2024-03-15 03:00:00,5,19.6,3,3.811,15.973,1,0,0.7783,0
INC-000595,2024-03-15 06:00:00,2,26.929,4,8.215,17.341,1,1,0.78901,0
INC-000596,2024-03-15 09:00:00,5,46.317,3,5.466,1.87,0,0,0.37826,1
INC-000597,2024-03-15 12:00:00,3,43.273,3,4.659,49.752,0,0,0.85175,0
INC-000598,2024-03-15 15:00:00,4,5.765,3,5.962,34.101,1,0,0.9027,0
INC-000599,2024-03-15 18:00:00,4,10.118,5,1.533,5.251,1,1,0.72616,0
INC-000600,2024-03-15 21:00:00,4,5.56,4,3.314,31.055,0,0,0.85953,0
INC-000601,2024-03-16 00:00:00,4,29.376,6,3.413,32.681,0,0,0.92484,0
INC-000602,2024-03-16 03:00:00,4,36.824,2,3.944,67.725,0,0,0.57645,0
INC-000603,2024-03-16 06:00:00,4,7.932,10,14.099,10.203,0,0,0.93694,0
INC-000604,2024-03-16 09:00:00,1,12.361,3,4.778,29.768,0,1,0.80293,0
INC-000605,2024-03-16 12:00:00,5,7.972,3,1.349,13.261,0,0,0.66137,0
INC-000606,2024-03-16 15:00:00,3,5.767,8,2.729,12.706,0,0,0.92467,0
INC-000607,2024-03-16 18:00:00,2,55.576,3,4.356,59.294,0,1,0.68687,0
INC-000608,2024-03-16 21:00:00,3,16.332,4,4.936,42.205,1,0,0.8014,0
INC-000609,2024-03-17 00:00:00,5,20.741,3,0.483,5.36,0,0,0.77027,0
INC-000610,2024-03-17 03:00:00,5,49.319,4,6.353,4.521,0,0,0.57202,0
INC-000611,2024-03-17 06:00:00,5,46.537,2,6.551,31.926,0,1,0.61639,0
INC-000612,2024-03-17 09:00:00,3,3.133,7,1.848,18.603,1,1,0.73727,0
INC-000613,2024-03-17 12:00:00,4,13.965,4,8.11,9.011,0,0,0.7151,0
INC-000614,2024-03-17 15:00:00,2,22.142,4,3.803,32.376,0,0,0.66558,0
INC-000615,2024-03-17 18:00:00,4,43.525,3,2.152,29.393,0,0,0.81519,0
INC-000616,2024-03-17 21:00:00,4,18.035,2,1.745,21.243,0,0,0.90333,0
INC-000617,2024-03-18 00:00:00,2,3.302,2,6.26,22.882,1,0,0.81086,0
INC-000618,2024-03-18 03:00:00,2,13.767,5,2.883,9.7,0,1,0.79637,0
INC-000619,2024-03-18 06:00:00,1,1.503,8,5.331,29.218,0,0,0.64375,0
INC-000620,2024-03-18 09:00:00,1,22.412,2,1.705,75.21,0,0,0.8281,0
INC-000621,2024-03-18 12:00:00,3,25.642,2,3.458,6.508,0,0,0.8263,0
INC-000622,2024-03-18 15:00:00,3,15.756,1,5.972,41.2,1,0,0.84817,0
INC-000623,2024-03-18 18:00:00,1,35.406,4,9.518,7.908,0,0,0.79442,0
INC-000624,2024-03-18 21:00:00,3,4.374,4,10.242,35.996,1,0,0.73661,0
INC-000625,2024-03-19 00:00:00,4,19.607,1,9.386,18.211,0,0,0.76073,0
INC-000626,2024-03-19 03:00:00,2,7.697,2,21.482,36.661,0,1,0.80099,0
INC-000627,2024-03-19 06:00:00,2,9.785,8,5.396,6.926,1,0,0.87937,0
INC-000628,2024-03-19 09:00:00,2,9.171,3,1.669,23.599,0,0,0.94299,0
INC-000629,2024-03-19 12:00:00,3,20.979,5,2.795,39.155,1,0,0.77614,0
INC-000630,2024-03-19 15:00:00,2,18.821,6,10.053,24.305,0,0,0.89691,0
INC-000631,2024-03-19 18:00:00,4,18.533,3,2.514,33.861,0,0,0.63472,0
INC-000632,2024-03-19 21:00:00,2,29.758,3,3.565,14.328,1,0,0.96201,0
INC-000633,2024-03-20 00:00:00,3,14.277,4,8.004,34.503,0,0,0.79378,0
INC-000634,2024-03-20 03:00:00,2,12.07,3,2.755,58.855,0,0,0.81297,0
INC-000635,2024-03-20 06:00:00,1,42.634,2,10.407,14.154,0,1,0.66307,0
INC-000636,2024-03-20 09:00:00,4,5.712,4,15.074,33.466,0,1,0.77017,0
INC-000637,2024-03-20 12:00:00,2,7.887,4,5.308,11.042,0,0,0.9167,0
INC-000638,2024-03-20 15:00:00,2,40.175,3,16.926,63.17,0,0,0.72978,0
INC-000639,2024-03-20 18:00:00,4,29.395,7,12.529,5.415,1,0,0.43565,0
INC-000640,2024-03-20 21:00:00,5,11.309,5,8.189,28.215,0,1,0.88746,0
INC-000641,2024-03-21 00:00:00,4,8.767,5,5.848,21.671,0,1,0.59836,0
INC-000642,2024-03-21 03:00:00,5,10.336,2,5.47,14.256,0,0,0.90573,0
INC-000643,2024-03-21 06:00:00,5,31.769,3,4.18,13.837,0,0,0.84013,0
INC-000644,2024-03-21 09:00:00,3,14.54,5,6.738,20.208,0,0,0.97009,0
INC-000645,2024-03-21 12:00:00,4,5.974,3,0.798,57.093,0,1,0.8428,0
INC-000646,2024-03-21 15:00:00,2,26.815,4,12.925,25.572,0,1,0.64618,0
INC-000647,2024-03-21 18:00:00,3,6.453,4,17.136,3.098,1,0,0.69193,0
INC-000648,2024-03-21 21:00:00,3,10.647,2,7.841,4.443,1,0,0.86641,0
INC-000649,2024-03-22 00:00:00,5,32.43,4,12.21,25.486,1,0,0.84158,0
INC-000650,2024-03-22 03:00:00,5,18.158,2,4.936,44.379,0,0,0.75574,0
INC-000651,2024-03-22 06:00:00,3,46.474,3,4.025,9.997,1,0,0.85396,0
INC-000652,2024-03-22 09:00:00,4,14.638,3,3.362,24.374,0,0,0.46905,0
INC-000653,2024-03-22 12:00:00,2,12.08,3,2.877,44.853,0,0,0.87518,0
INC-000654,2024-03-22 15:00:00,5,10.108,6,5.664,27.344,0,0,0.95889,0
INC-000655,2024-03-22 18:00:00,3,29.775,2,10.36,22.578,0,0,0.89213,0
INC-000656,2024-03-22 21:00:00,3,15.484,4,0.873,16.077,0,0,0.89311,0
INC-000657,2024-03-23 00:00:00,4,24.974,6,2.012,18.257,0,0,0.93535,0
INC-000658,2024-03-23 03:00:00,4,5.772,4,2.717,34.75,0,0,0.90652,0
INC-000659,2024-03-23 06:00:00,1,30.894,4,1.229,37.916,1,0,0.63366,0
INC-000660,2024-03-23 09:00:00,2,18.234,3,7.237,37.411,0,0,0.84385,0
INC-000661,2024-03-23 12:00:00,1,18.015,4,6.549,11.42,0,0,0.51221,0
INC-000662,2024-03-23 15:00:00,4,10.294,5,8.565,1.011,0,0,0.78547,0
INC-000663,2024-03-23 18:00:00,1,35.203,4,0.674,14.575,0,0,0.47536,0
INC-000664,2024-03-23 21:00:00,2,23.572,6,7.838,40.548,1,1,0.85236,0
INC-000665,2024-03-24 00:00:00,3,15.662,2,10.323,66.068,0,0,0.99388,0
INC-000666,2024-03-24 03:00:00,4,3.793,3,7.347,8.414,0,0,0.84513,0
INC-000667,2024-03-24 06:00:00,3,18.69,3,4.647,33.416,0,1,0.87217,0
INC-000668,2024-03-24 09:00:00,5,14.805,4,4.157,12.133,0,0,0.94392,0
INC-000669,2024-03-24 12:00:00,5,9.137,5,6.099,54.308,0,0,0.86288,0
INC-000670,2024-03-24 15:00:00,1,12.164,3,5.578,40.087,1,1,0.58169,0
INC-000671,2024-03-24 18:00:00,5,32.354,4,2.794,26.804,0,0,0.59749,0
INC-000672,2024-03-24 21:00:00,4,12.936,3,0.719,28.323,0,1,0.81478,0
INC-000673,2024-03-25 00:00:00,4,4.293,2,3.128,50.361,0,0,0.50041,0
INC-000674,2024-03-25 03:00:00,1,15.377,6,15.798,3.436,1,0,0.77639,0
INC-000675,2024-03-25 06:00:00,4,6.056,2,0.8,19.512,0,1,0.81537,0
INC-000676,2024-03-25 09:00:00,4,8.431,3,5.512,7.354,0,0,0.51532,0
INC-000677,2024-03-25 12:00:00,3,66.185,4,13.266,27.954,0,0,0.91866,0
INC-000678,2024-03-25 15:00:00,1,14.821,4,8.727,23.811,1,0,0.64446,0
INC-000679,2024-03-25 18:00:00,3,22.084,8,9.713,26.761,0,0,0.76086,0
INC-000680,2024-03-25 21:00:00,5,18.382,4,8.944,6.301,1,0,0.84665,0
INC-000681,2024-03-26 00:00:00,4,3.886,7,1.255,44.678,1,0,0.55974,0
INC-000682,2024-03-26 03:00:00,1,18.37,3,11.64,36.053,0,0,0.71866,0
INC-000683,2024-03-26 06:00:00,5,14.978,5,12.812,14.2,0,1,0.71898,0
INC-000684,2024-03-26 09:00:00,5,39.86,3,1.599,38.1,0,0,0.71205,1
INC-000685,2024-03-26 12:00:00,1,11.842,3,3.36,1.753,1,0,0.78098,0
INC-000686,2024-03-26 15:00:00,5,34.565,2,5.015,7.575,0,0,0.87632,0
INC-000687,2024-03-26 18:00:00,3,7.414,5,3.394,20.114,1,0,0.77976,0
INC-000688,2024-03-26 21:00:00,3,19.49,4,2.606,16.328,0,0,0.71735,0
INC-000689,2024-03-27 00:00:00,3,5.55,3,2.657,52.5,0,0,0.67966,0
INC-000690,2024-03-27 03:00:00,4,23.433,6,7.835,34.301,1,0,0.79606,0
INC-000691,2024-03-27 06:00:00,5,6.521,6,9.513,60.335,1,1,0.92339,1
INC-000692,2024-03-27 09:00:00,4,2.61,5,2.669,5.264,0,0,0.81062,0
INC-000693,2024-03-27 12:00:00,5,7.031,1,9.469,16.203,1,0,0.9074,0
INC-000694,2024-03-27 15:00:00,5,22.804,3,3.387,7.17,0,0,0.81888,0
INC-000695,2024-03-27 18:00:00,1,14.128,3,1.697,26.899,0,1,0.74513,0
INC-000696,2024-03-27 21:00:00,2,3.458,2,6.004,5.281,0,0,0.86932,0
INC-000697,2024-03-28 00:00:00,4,20.346,4,4.848,24.229,0,0,0.85086,0
INC-000698,2024-03-28 03:00:00,3,17.035,4,6.175,10.823,0,0,0.82954,0
INC-000699,2024-03-28 06:00:00,1,7.316,3,6.101,38.46,0,0,0.79092,0
INC-000700,2024-03-28 09:00:00,1,11.936,4,5.636,20.282,1,0,0.90951,0
INC-000701,2024-03-28 12:00:00,3,14.86,6,4.431,4.261,0,0,0.89915,0
INC-000702,2024-03-28 15:00:00,4,15.793,7,9.324,42.885,0,1,0.55384,0
INC-000703,2024-03-28 18:00:00,1,10.789,4,7.418,43.38,0,0,0.91362,0
INC-000704,2024-03-28 21:00:00,1,10.373,3,3.488,36.947,0,1,0.8659,0
INC-000705,2024-03-29 00:00:00,1,4.471,2,3.421,13.977,0,1,0.95817,0
INC-000706,2024-03-29 03:00:00,3,8.435,1,1.183,31.652,1,0,0.91894,0
INC-000707,2024-03-29 06:00:00,1,3.564,3,1.337,46.119,1,0,0.61794,0
INC-000708,2024-03-29 09:00:00,3,4.175,4,4.196,18.693,0,0,0.86365,0
INC-000709,2024-03-29 12:00:00,3,7.361,1,8.499,19.389,0,0,0.61675,0
INC-000710,2024-03-29 15:00:00,3,20.063,3,2.332,22.444,0,0,0.55611,0
INC-000711,2024-03-29 18:00:00,4,13.554,3,7.668,37.337,0,0,0.73615,0
INC-000712,2024-03-29 21:00:00,3,24.426,3,5.494,24.994,0,0,0.89512,0
INC-000713,2024-03-30 00:00:00,4,17.434,3,2.456,33.261,1,1,0.63578,0
INC-000714,2024-03-30 03:00:00,4,21.188,3,4.997,17.947,0,0,0.9294,0
INC-000715,2024-03-30 06:00:00,5,7.493,2,4.852,17.594,0,0,0.52246,0
INC-000716,2024-03-30 09:00:00,4,6.77,3,2.546,34.143,1,0,0.42626,0
INC-000717,2024-03-30 12:00:00,3,12.844,5,7.309,12.399,0,0,0.78499,0
INC-000718,2024-03-30 15:00:00,3,11.237,4,9.097,8.542,0,1,0.7392,0
INC-000719,2024-03-30 18:00:00,2,7.401,7,3.746,11.907,1,0,0.87807,0
INC-000720,2024-03-30 21:00:00,3,11.491,2,1.849,16.969,0,0,0.66615,0
INC-000721,2024-03-31 00:00:00,1,7.644,7,9.412,21.313,0,0,0.90801,0
INC-000722,2024-03-31 03:00:00,5,57.741,6,1.279,14.04,0,1,0.22403,0
INC-000723,2024-03-31 06:00:00,5,18.878,7,5.863,15.376,0,1,0.81897,0
INC-000724,2024-03-31 09:00:00,1,17.341,5,2.339,27.8,0,1,0.74841,0
INC-000725,2024-03-31 12:00:00,4,7.771,5,1.727,10.717,1,0,0.89598,0
INC-000726,2024-03-31 15:00:00,1,31.75,4,3.103,36.494,0,0,0.75177,0
INC-000727,2024-03-31 18:00:00,4,10.61,5,4.854,9.536,0,0,0.80049,0
INC-000728,2024-03-31 21:00:00,1,38.141,4,2.039,20.89,1,0,0.87908,0
INC-000729,2024-04-01 00:00:00,3,11.369,5,1.507,19.853,1,0,0.47338,0
INC-000730,2024-04-01 03:00:00,4,18.832,4,1.003,52.247,1,0,0.68157,0
INC-000731,2024-04-01 06:00:00,4,8.995,3,13.307,18.165,1,0,0.90892,0
INC-000732,2024-04-01 09:00:00,3,27.537,5,6.219,40.175,1,0,0.61895,0
INC-000733,2024-04-01 12:00:00,5,46.196,5,2.483,34.2,1,1,0.94302,1
INC-000734,2024-04-01 15:00:00,4,13.995,3,6.448,13.318,0,0,0.83796,0
INC-000735,2024-04-01 18:00:00,2,20.951,3,4.823,49.195,0,0,0.78923,0
INC-000736,2024-04-01 21:00:00,4,65.478,3,7.879,13.881,0,0,0.83256,0
INC-000737,2024-04-02 00:00:00,4,45.436,3,3.993,16.446,0,0,0.87572,0
INC-000738,2024-04-02 03:00:00,2,5.998,1,8.899,29.431,0,0,0.71469,0
INC-000739,2024-04-02 06:00:00,4,32.396,4,2.782,15.2,0,0,0.75967,0
INC-000740,2024-04-02 09:00:00,5,3.384,8,5.478,5.429,0,0,0.59959,0
INC-000741,2024-04-02 12:00:00,5,4.611,6,8.51,16.667,0,0,0.81757,0
INC-000742,2024-04-02 15:00:00,4,29.301,5,5.682,16.444,0,0,0.86139,0
INC-000743,2024-04-02 18:00:00,4,8.32,2,16.198,9.004,0,1,0.87709,0
INC-000744,2024-04-02 21:00:00,2,6.755,7,7.777,20.7,0,0,0.86185,0
INC-000745,2024-04-03 00:00:00,4,46.569,3,6.376,21.056,0,0,0.88451,0
INC-000746,2024-04-03 03:00:00,2,5.941,4,3.567,27.933,0,0,0.83937,0
INC-000747,2024-04-03 06:00:00,3,35.863,4,5.57,7.57,0,0,0.80233,0
INC-000748,2024-04-03 09:00:00,2,11.773,4,10.751,8.009,0,0,0.78815,0
INC-000749,2024-04-03 12:00:00,2,37.579,4,3.225,37.331,1,0,0.66949,0
INC-000750,2024-04-03 15:00:00,1,49.732,6,2.289,9.33,0,0,0.6805,0
INC-000751,2024-04-03 18:00:00,5,30.431,2,3.24,25.425,1,1,0.82815,0
INC-000752,2024-04-03 21:00:00,1,19.591,5,3.107,17.631,1,0,0.93967,0
INC-000753,2024-04-04 00:00:00,1,10.74,5,7.028,11.282,1,0,0.80693,0
INC-000754,2024-04-04 03:00:00,5,27.433,2,14.918,51.794,1,0,0.68213,0
INC-000755,2024-04-04 06:00:00,3,69.548,4,1.349,21.297,0,0,0.82377,0
INC-000756,2024-04-04 09:00:00,3,25.008,4,4.939,12.769,0,1,0.86973,0
INC-000757,2024-04-04 12:00:00,4,41.704,8,2.065,4.387,0,0,0.72559,0
INC-000758,2024-04-04 15:00:00,2,31.144,3,6.068,32.546,0,0,0.80453,0
INC-000759,2024-04-04 18:00:00,1,13.749,4,6.599,9.255,0,0,0.33472,0
INC-000760,2024-04-04 21:00:00,4,6.598,4,3.123,48.819,1,0,0.65029,0
INC-000761,2024-04-05 00:00:00,1,16.55,5,7.174,19.547,0,0,0.51962,0
INC-000762,2024-04-05 03:00:00,3,8.99,2,2.731,97.707,0,0,0.65342,0
INC-000763,2024-04-05 06:00:00,5,27.554,5,2.728,16.427,1,0,0.86703,0
INC-000764,2024-04-05 09:00:00,5,2.052,6,2.408,8.928,0,0,0.65974,0
INC-000765,2024-04-05 12:00:00,2,21.745,5,3.277,21.613,0,0,0.64684,0
INC-000766,2024-04-05 15:00:00,4,10.332,7,4.589,12.344,0,0,0.88798,0
INC-000767,2024-04-05 18:00:00,4,45.403,7,4.215,2.315,0,0,0.76811,0
INC-000768,2024-04-05 21:00:00,3,17.815,3,5.288,38.417,0,0,0.80446,0
INC-000769,2024-04-06 00:00:00,1,28.748,3,6.918,25.896,0,0,0.53416,0
INC-000770,2024-04-06 03:00:00,2,29.082,9,5.341,10.475,0,0,0.57393,0
INC-000771,2024-04-06 06:00:00,4,13.128,3,13.154,7.49,0,1,0.93959,0
INC-000772,2024-04-06 09:00:00,5,15.436,7,4.844,8.358,0,1,0.88056,0
INC-000773,2024-04-06 12:00:00,1,6.253,5,8.09,20.775,0,1,0.8816,0
INC-000774,2024-04-06 15:00:00,4,7.314,1,1.223,72.013,0,0,0.44224,0
INC-000775,2024-04-06 18:00:00,5,12.754,4,5.293,17.402,0,0,0.60496,0
INC-000776,2024-04-06 21:00:00,5,13.813,9,4.184,4.14,1,0,0.74765,0
INC-000777,2024-04-07 00:00:00,3,17.451,3,3.902,9.168,0,1,0.89283,0
INC-000778,2024-04-07 03:00:00,1,15.571,3,10.619,22.727,0,1,0.80725,0
INC-000779,2024-04-07 06:00:00,2,31.455,4,16.655,10.718,0,0,0.39132,0
INC-000780,2024-04-07 09:00:00,5,12.917,3,6.977,6.273,0,0,0.85258,0
INC-000781,2024-04-07 12:00:00,5,4.536,5,1.025,17.859,1,0,0.69494,0
INC-000782,2024-04-07 15:00:00,4,13.458,1,3.011,9.138,1,0,0.87157,0
INC-000783,2024-04-07 18:00:00,1,32.603,11,1.398,23.728,0,0,0.68732,0
INC-000784,2024-04-07 21:00:00,1,16.674,3,5.195,24.208,0,0,0.99176,0
INC-000785,2024-04-08 00:00:00,3,1.945,5,6.347,29.873,0,0,0.86064,0
INC-000786,2024-04-08 03:00:00,3,12.084,6,1.152,33.634,1,0,0.7179,0
INC-000787,2024-04-08 06:00:00,1,21.669,4,11.951,10.219,0,0,0.8263,0
INC-000788,2024-04-08 09:00:00,4,22.759,6,1.745,37.943,0,1,0.78586,0
INC-000789,2024-04-08 12:00:00,3,30.727,9,6.136,15.046,1,0,0.73562,0
INC-000790,2024-04-08 15:00:00,1,22.041,1,11.774,3.046,0,0,0.74848,0
INC-000791,2024-04-08 18:00:00,1,1.777,6,5.275,34.951,1,0,0.87212,0
INC-000792,2024-04-08 21:00:00,3,23.195,3,2.614,51.276,0,0,0.80581,0
INC-000793,2024-04-09 00:00:00,4,3.857,2,2.495,17.045,1,1,0.80173,0
INC-000794,2024-04-09 03:00:00,5,3.425,4,5.383,39.386,1,0,0.98287,0
INC-000795,2024-04-09 06:00:00,3,39.753,9,8.115,18.068,0,0,0.78473,0
INC-000796,2024-04-09 09:00:00,2,27.269,3,5.984,12.501,0,0,0.69739,0
INC-000797,2024-04-09 12:00:00,5,2.675,4,2.453,18.295,0,0,0.44974,0
INC-000798,2024-04-09 15:00:00,3,7.374,2,4.121,19.834,0,0,0.80122,0
INC-000799,2024-04-09 18:00:00,2,22.28,4,2.195,22.797,0,0,0.8176,0
INC-000800,2024-04-09 21:00:00,3,18.083,2,2.176,15.672,1,0,0.60581,0
INC-000801,2024-04-10 00:00:00,1,16.667,5,2.086,33.905,1,0,0.60929,0
INC-000802,2024-04-10 03:00:00,2,9.362,1,3.457,28.757,1,0,0.77624,0
INC-000803,2024-04-10 06:00:00,3,26.7,5,4.461,8.345,0,0,0.77211,0
INC-000804,2024-04-10 09:00:00,5,29.99,2,4.864,13.303,0,1,0.8966,0
INC-000805,2024-04-10 12:00:00,4,47.377,6,5.758,32.622,0,0,0.56429,0
INC-000806,2024-04-10 15:00:00,4,5.287,6,2.572,17.751,0,0,0.7455,0
INC-000807,2024-04-10 18:00:00,3,12.932,2,4.535,10.77,0,0,0.88916,0
INC-000808,2024-04-10 21:00:00,1,20.954,2,4.965,17.284,0,0,0.64966,0
INC-000809,2024-04-11 00:00:00,2,21.344,4,9.99,5.14,0,0,0.85555,0
INC-000810,2024-04-11 03:00:00,5,12.933,5,1.196,46.631,0,0,0.83678,0
INC-000811,2024-04-11 06:00:00,1,7.692,8,1.465,20.358,0,1,0.71727,0
INC-000812,2024-04-11 09:00:00,5,15.162,6,6.745,12.323,0,0,0.67603,0
INC-000813,2024-04-11 12:00:00,4,10.63,5,7.259,4.894,0,0,0.64511,0
INC-000814,2024-04-11 15:00:00,2,55.122,5,6.766,62.449,1,1,0.77828,1
INC-000815,2024-04-11 18:00:00,4,18.003,3,6.716,4.44,0,0,0.96387,0
INC-000816,2024-04-11 21:00:00,5,7.194,8,14.975,26.656,0,0,0.87316,0
INC-000817,2024-04-12 00:00:00,1,15.03,4,9.219,15.742,0,0,0.80586,0
INC-000818,2024-04-12 03:00:00,1,5.744,6,1.306,17.288,0,0,0.9286,0
INC-000819,2024-04-12 06:00:00,4,25.81,4,3.732,18.9,0,0,0.82242,0
INC-000820,2024-04-12 09:00:00,5,20.423,4,3.575,12.783,0,1,0.64372,0
INC-000821,2024-04-12 12:00:00,1,22.153,6,4.232,19.953,1,0,0.89332,0
INC-000822,2024-04-12 15:00:00,4,5.799,5,3.239,22.247,0,0,0.84821,0
INC-000823,2024-04-12 18:00:00,1,8.548,7,1.874,31.166,0,1,0.8805,0
INC-000824,2024-04-12 21:00:00,4,7.281,8,5.041,28.819,0,0,0.97752,0
INC-000825,2024-04-13 00:00:00,4,6.961,3,10.454,8.468,1,0,0.86872,0
INC-000826,2024-04-13 03:00:00,1,16.757,4,3.167,10.026,0,1,0.57783,0
INC-000827,2024-04-13 06:00:00,4,4.754,3,5.738,38.031,1,0,0.88878,0
INC-000828,2024-04-13 09:00:00,5,16.743,4,4.328,14.126,1,0,0.7393,0
INC-000829,2024-04-13 12:00:00,5,30.062,5,6.722,25.539,1,0,0.52132,0
INC-000830,2024-04-13 15:00:00,1,2.325,2,4.049,43.583,0,0,0.76366,0
INC-000831,2024-04-13 18:00:00,2,18.736,5,2.823,20.829,0,1,0.68303,0
INC-000832,2024-04-13 21:00:00,2,4.349,3,3.306,8.139,1,0,0.57265,0
INC-000833,2024-04-14 00:00:00,3,33.69,5,10.18,8.285,1,1,0.96489,0
INC-000834,2024-04-14 03:00:00,1,3.028,2,4.746,15.67,1,0,0.91093,0
INC-000835,2024-04-14 06:00:00,5,15.351,4,4.633,15.714,1,0,0.7288,0
INC-000836,2024-04-14 09:00:00,4,25.567,3,9.962,7.049,0,1,0.5922,0
INC-000837,2024-04-14 12:00:00,5,16.87,5,11.256,9.554,0,1,0.81898,0
INC-000838,2024-04-14 15:00:00,1,12.407,3,0.775,29.082,0,1,0.76147,0
INC-000839,2024-04-14 18:00:00,1,4.992,6,1.51,38.494,0,0,0.67461,0
INC-000840,2024-04-14 21:00:00,5,15.578,3,8.024,14.467,0,0,0.69977,0
INC-000841,2024-04-15 00:00:00,2,21.756,10,4.913,0.444,0,0,0.71645,0
INC-000842,2024-04-15 03:00:00,4,59.331,4,11.289,27.429,0,0,0.94993,0
INC-000843,2024-04-15 06:00:00,5,31.624,4,1.222,3.728,0,1,0.58332,0
INC-000844,2024-04-15 09:00:00,1,12.493,3,5.445,5.479,0,1,0.85344,0
INC-000845,2024-04-15 12:00:00,1,39.012,2,6.981,16.996,0,0,0.75973,0
INC-000846,2024-04-15 15:00:00,1,10.977,6,3.634,45.104,0,0,0.73448,0
INC-000847,2024-04-15 18:00:00,1,18.626,3,7.707,32.205,0,1,0.84865,0
INC-000848,2024-04-15 21:00:00,1,38.143,4,8.138,29.921,1,0,0.75276,0
INC-000849,2024-04-16 00:00:00,5,8.272,5,4.38,17.139,0,0,0.91335,0
INC-000850,2024-04-16 03:00:00,4,10.406,4,4.162,6.479,0,0,0.63522,0
INC-000851,2024-04-16 06:00:00,5,24.904,5,8.701,40.668,0,0,0.91586,0
INC-000852,2024-04-16 09:00:00,5,43.224,8,5.375,6.686,0,1,0.74636,1
INC-000853,2024-04-16 12:00:00,5,21.393,4,6.65,25.056,0,0,0.55635,0
INC-000854,2024-04-16 15:00:00,2,38.455,3,5.356,21.849,1,0,0.89918,0
INC-000855,2024-04-16 18:00:00,2,52.543,2,5.163,5.894,0,0,0.96473,0
INC-000856,2024-04-16 21:00:00,5,51.155,1,4.158,3.592,1,0,0.79709,0
INC-000857,2024-04-17 00:00:00,2,23.466,2,6.968,29.881,0,1,0.76338,0
INC-000858,2024-04-17 03:00:00,1,24.182,5,2.433,19.595,0,1,0.83003,0
INC-000859,2024-04-17 06:00:00,4,35.773,4,1.276,40.486,1,0,0.80275,0
INC-000860,2024-04-17 09:00:00,5,3.973,2,4.642,24.214,1,1,0.97717,0
INC-000861,2024-04-17 12:00:00,5,6.157,4,11.418,22.09,0,0,0.7007,0
INC-000862,2024-04-17 15:00:00,5,10.571,3,5.387,2.392,0,0,0.49611,0
INC-000863,2024-04-17 18:00:00,1,19.67,5,3.883,21.606,0,0,0.65935,0
INC-000864,2024-04-17 21:00:00,4,7.88,3,3.519,18.029,0,0,0.64637,0
INC-000865,2024-04-18 00:00:00,5,33.415,10,3.347,24.455,0,0,0.87405,0
INC-000866,2024-04-18 03:00:00,4,13.738,3,0.63,18.044,0,1,0.68839,0
INC-000867,2024-04-18 06:00:00,5,6.721,5,10.355,17.679,0,0,0.69243,0
INC-000868,2024-04-18 09:00:00,5,22.1,4,3.096,16.83,1,0,0.4533,0
INC-000869,2024-04-18 12:00:00,3,7.395,2,4.711,11.265,0,1,0.90771,0
INC-000870,2024-04-18 15:00:00,1,20.895,4,3.716,29.61,1,0,0.8437,0
INC-000871,2024-04-18 18:00:00,3,27.356,6,2.715,93.768,0,0,0.79603,0
INC-000872,2024-04-18 21:00:00,2,45.958,3,10.725,6.27,0,0,0.95275,0
INC-000873,2024-04-19 00:00:00,1,12.952,3,1.972,8.687,0,0,0.80952,0
INC-000874,2024-04-19 03:00:00,1,9.217,7,7.15,29.526,0,0,0.82158,0
INC-000875,2024-04-19 06:00:00,4,19.27,3,1.43,15.295,0,0,0.65798,0
INC-000876,2024-04-19 09:00:00,3,18.413,3,4.197,12.98,0,1,0.66492,0
INC-000877,2024-04-19 12:00:00,3,45.616,5,9.715,3.616,0,0,0.66336,0
INC-000878,2024-04-19 15:00:00,4,22.295,5,3.25,9.175,0,0,0.77402,0
INC-000879,2024-04-19 18:00:00,3,6.248,3,6.711,7.871,0,0,0.92267,0
INC-000880,2024-04-19 21:00:00,4,36.845,6,3.14,3.836,0,0,0.82054,0
INC-000881,2024-04-20 00:00:00,1,25.273,1,3.648,36.925,0,0,0.42664,0
INC-000882,2024-04-20 03:00:00,5,13.395,4,7.837,20.855,0,0,0.69464,0
INC-000883,2024-04-20 06:00:00,3,10.324,4,6.821,87.897,0,0,0.88396,0
INC-000884,2024-04-20 09:00:00,1,7.21,3,11.518,22.545,0,0,0.61809,0
INC-000885,2024-04-20 12:00:00,5,13.982,7,3.244,6.804,1,0,0.79195,0
INC-000886,2024-04-20 15:00:00,4,28.835,4,5.948,24.122,1,0,0.7264,0
INC-000887,2024-04-20 18:00:00,1,14.718,4,4.921,27.929,0,0,0.85772,0
INC-000888,2024-04-20 21:00:00,1,35.387,6,6.069,12.057,0,0,0.84079,0
INC-000889,2024-04-21 00:00:00,1,23.739,4,9.211,27.31,1,0,0.75771,0
INC-000890,2024-04-21 03:00:00,2,40.431,1,2.83,26.829,0,0,0.75426,0
INC-000891,2024-04-21 06:00:00,1,5.551,2,5.782,9.679,0,1,0.35877,0
INC-000892,2024-04-21 09:00:00,4,13.379,5,10.652,30.975,0,0,0.94767,0
INC-000893,2024-04-21 12:00:00,3,9.564,6,4.929,23.385,0,0,0.85396,0
INC-000894,2024-04-21 15:00:00,5,10.508,4,7.803,19.409,0,0,0.54764,0
INC-000895,2024-04-21 18:00:00,4,19.622,4,1.024,20.909,1,0,0.81104,0
INC-000896,2024-04-21 21:00:00,4,4.092,5,5.094,6.738,0,0,0.78583,0
INC-000897,2024-04-22 00:00:00,3,30.492,3,3.395,47.781,0,0,0.8365,0
INC-000898,2024-04-22 03:00:00,1,3.172,7,6.756,15.113,0,0,0.74739,0
INC-000899,2024-04-22 06:00:00,1,61.824,9,5.814,13.932,0,0,0.76407,0
INC-000900,2024-04-22 09:00:00,4,18.84,1,2.481,24.797,1,0,0.5583,0
INC-000901,2024-04-22 12:00:00,1,30.797,3,1.57,79.525,1,1,0.73309,0
INC-000902,2024-04-22 15:00:00,1,20.695,3,15.39,31.879,1,0,0.75204,0
INC-000903,2024-04-22 18:00:00,2,5.976,6,6.149,15.314,0,0,0.66564,0
INC-000904,2024-04-22 21:00:00,5,8.87,2,6.046,24.577,1,0,0.94921,0
INC-000905,2024-04-23 00:00:00,3,14.133,5,2.78,24.464,0,0,0.7678,0
INC-000906,2024-04-23 03:00:00,4,38.067,8,3.749,19.302,0,0,0.80771,0
INC-000907,2024-04-23 06:00:00,3,6.662,3,10.74,7.026,0,0,0.90216,0
INC-000908,2024-04-23 09:00:00,1,29.562,2,5.012,32.565,0,0,0.69081,0
INC-000909,2024-04-23 12:00:00,2,48.593,2,10.994,13.193,0,0,0.9194,0
INC-000910,2024-04-23 15:00:00,1,8.881,5,6.169,10.392,1,0,0.78003,0
INC-000911,2024-04-23 18:00:00,4,2.104,3,9.405,14.323,1,1,0.90457,0
INC-000912,2024-04-23 21:00:00,1,29.662,8,0.986,38.681,0,0,0.83168,0
INC-000913,2024-04-24 00:00:00,2,11.168,5,2.671,12.967,0,0,0.7152,0
INC-000914,2024-04-24 03:00:00,5,8.443,3,4.949,17.831,0,0,0.72869,0
INC-000915,2024-04-24 06:00:00,3,48.557,3,3.989,66.723,0,0,0.53355,0
INC-000916,2024-04-24 09:00:00,3,3.932,4,6.797,13.645,0,0,0.95793,0
INC-000917,2024-04-24 12:00:00,3,2.822,5,1.582,17.333,0,0,0.69365,0
INC-000918,2024-04-24 15:00:00,4,8.862,7,1.606,19.076,0,0,0.73886,0
INC-000919,2024-04-24 18:00:00,2,61.364,3,6.621,13.54,0,0,0.75084,0
INC-000920,2024-04-24 21:00:00,4,5.176,9,9.135,17.167,1,0,0.73516,0
INC-000921,2024-04-25 00:00:00,5,24.679,4,3.742,20.82,1,0,0.67098,0
INC-000922,2024-04-25 03:00:00,3,11.474,3,11.773,13.035,0,0,0.69448,0
INC-000923,2024-04-25 06:00:00,3,19.706,2,13.661,3.401,0,0,0.39202,0
INC-000924,2024-04-25 09:00:00,1,11.082,4,4.602,5.199,0,0,0.64972,0
INC-000925,2024-04-25 12:00:00,2,6.664,6,3.648,18.548,0,1,0.62909,0
INC-000926,2024-04-25 15:00:00,5,21.588,5,3.058,52.384,1,0,0.94782,0
INC-000927,2024-04-25 18:00:00,3,8.681,1,2.665,15.087,0,0,0.80372,0
INC-000928,2024-04-25 21:00:00,2,30.613,6,7.552,23.077,0,0,0.70913,0
INC-000929,2024-04-26 00:00:00,3,6.678,7,2.422,40.65,0,0,0.78113,0
INC-000930,2024-04-26 03:00:00,3,52.534,7,2.111,27.055,1,0,0.43408,0
INC-000931,2024-04-26 06:00:00,3,21.021,3,2.578,18.961,1,0,0.82943,0
INC-000932,2024-04-26 09:00:00,4,28.432,3,4.639,17.385,0,0,0.56319,0
INC-000933,2024-04-26 12:00:00,2,22.062,4,4.88,10.99,1,0,0.92687,0
INC-000934,2024-04-26 15:00:00,4,15.275,3,7.274,31.958,0,0,0.89364,0
INC-000935,2024-04-26 18:00:00,3,10.04,2,4.335,39.015,0,0,0.62721,0
INC-000936,2024-04-26 21:00:00,5,22.392,3,1.518,0.195,1,1,0.74897,0
INC-000937,2024-04-27 00:00:00,1,12.787,4,3.535,32.119,0,0,0.99101,0
INC-000938,2024-04-27 03:00:00,1,36.054,4,4.728,28.217,0,0,0.63716,0
INC-000939,2024-04-27 06:00:00,3,32.409,6,2.928,14.291,0,0,0.96264,0
INC-000940,2024-04-27 09:00:00,3,30.92,5,5.826,11.025,0,0,0.82152,0
INC-000941,2024-04-27 12:00:00,4,28.98,5,0.79,25.705,0,0,0.85894,0
INC-000942,2024-04-27 15:00:00,3,22.879,5,4.311,5.166,0,1,0.60934,0
INC-000943,2024-04-27 18:00:00,5,11.847,5,10.411,14.675,0,1,0.92224,0
INC-000944,2024-04-27 21:00:00,3,9.804,2,8.973,23.022,0,0,0.84805,0
INC-000945,2024-04-28 00:00:00,1,9.826,4,5.154,44.422,0,0,0.73529,0
INC-000946,2024-04-28 03:00:00,1,26.986,4,4.855,56.211,1,0,0.71704,0
INC-000947,2024-04-28 06:00:00,5,3.685,2,6.422,7.702,1,0,0.75853,0
INC-000948,2024-04-28 09:00:00,1,23.895,3,2.141,24.401,0,1,0.66924,0
INC-000949,2024-04-28 12:00:00,5,3.63,5,8.487,19.007,0,0,0.78561,0
INC-000950,2024-04-28 15:00:00,2,23.37,4,11.554,29.294,0,0,0.92364,0
INC-000951,2024-04-28 18:00:00,1,17.24,5,4.3,16.871,0,1,0.79227,0
INC-000952,2024-04-28 21:00:00,2,7.526,6,5.155,30.454,0,0,0.66062,0
INC-000953,2024-04-29 00:00:00,4,5.809,8,7.354,22.659,0,0,0.90425,0
INC-000954,2024-04-29 03:00:00,3,3.803,5,2.739,12.053,0,1,0.68402,0
INC-000955,2024-04-29 06:00:00,4,12.485,7,11.808,30.657,1,1,0.77481,0
INC-000956,2024-04-29 09:00:00,4,20.524,5,15.188,17.174,0,0,0.5213,0
INC-000957,2024-04-29 12:00:00,3,14.926,3,6.802,20.061,0,0,0.89956,0
INC-000958,2024-04-29 15:00:00,4,26.115,3,12.445,9.001,1,1,0.86348,0
INC-000959,2024-04-29 18:00:00,5,27.297,4,1.95,15.535,1,0,0.69816,0
INC-000960,2024-04-29 21:00:00,3,4.231,4,5.702,43.837,0,1,0.94254,0
INC-000961,2024-04-30 00:00:00,1,6.502,2,1.096,12.396,0,0,0.87295,0
INC-000962,2024-04-30 03:00:00,3,2.397,5,3.551,56.42,0,0,0.64485,0
INC-000963,2024-04-30 06:00:00,5,5.84,9,3.61,20.624,0,0,0.7715,0
INC-000964,2024-04-30 09:00:00,2,15.175,4,2.984,23.522,1,0,0.66722,0
INC-000965,2024-04-30 12:00:00,5,17.099,3,1.979,10.552,0,0,0.73492,0
INC-000966,2024-04-30 15:00:00,3,23.025,3,6.756,32.024,0,0,0.83479,0
INC-000967,2024-04-30 18:00:00,4,6.572,4,2.592,4.805,0,1,0.626,0
INC-000968,2024-04-30 21:00:00,2,9.583,2,6.762,15.856,0,0,0.7215,0
INC-000969,2024-05-01 00:00:00,5,33.194,4,4.533,10.612,1,0,0.5081,0
INC-000970,2024-05-01 03:00:00,1,16.226,2,5.946,5.776,0,0,0.72921,0
INC-000971,2024-05-01 06:00:00,2,5.854,5,3.202,29.267,1,0,0.98055,0
INC-000972,2024-05-01 09:00:00,3,33.951,7,4.504,16.368,1,0,0.88446,0
INC-000973,2024-05-01 12:00:00,3,30.044,6,17.013,20.031,0,1,0.62132,1
INC-000974,2024-05-01 15:00:00,3,16.26,5,5.81,11.041,0,0,0.76113,0
INC-000975,2024-05-01 18:00:00,1,8.171,2,11.843,33.664,0,0,0.69293,0
INC-000976,2024-05-01 21:00:00,2,30.091,4,11.431,22.531,0,0,0.80476,0
INC-000977,2024-05-02 00:00:00,1,30.195,2,1.734,49.256,0,0,0.72846,0
INC-000978,2024-05-02 03:00:00,3,13.032,3,11.41,11.596,0,0,0.51615,0
INC-000979,2024-05-02 06:00:00,2,32.888,6,4.506,11.534,0,0,0.62174,0
INC-000980,2024-05-02 09:00:00,3,7.636,3,3.617,27.315,1,0,0.81742,0
INC-000981,2024-05-02 12:00:00,3,13.65,4,2.212,52.608,0,0,0.75857,0
INC-000982,2024-05-02 15:00:00,4,20.128,2,1.747,12.991,1,0,0.9225,0
INC-000983,2024-05-02 18:00:00,3,6.322,3,6.638,1.799,1,0,0.8705,0
INC-000984,2024-05-02 21:00:00,4,8.402,6,1.702,6.631,0,0,0.83627,0
INC-000985,2024-05-03 00:00:00,3,9.634,5,6.834,43.836,0,0,0.86296,0
INC-000986,2024-05-03 03:00:00,4,18.246,2,0.897,15.333,0,1,0.95004,0
INC-000987,2024-05-03 06:00:00,4,9.703,3,2.355,60.057,1,0,0.76665,0
INC-000988,2024-05-03 09:00:00,2,13.027,8,4.05,7.653,1,0,0.72473,0
INC-000989,2024-05-03 12:00:00,2,10.42,5,4.904,27.451,1,0,0.91757,0
INC-000990,2024-05-03 15:00:00,4,9.321,2,2.451,27.855,0,0,0.73719,0
INC-000991,2024-05-03 18:00:00,2,12.676,4,1.873,5.169,1,0,0.90816,0
INC-000992,2024-05-03 21:00:00,3,24.557,5,3.733,5.289,0,0,0.59318,0
INC-000993,2024-05-04 00:00:00,1,6.208,4,3.056,15.773,0,0,0.93824,0
INC-000994,2024-05-04 03:00:00,3,67.82,3,3.347,29.185,0,1,0.75694,0
INC-000995,2024-05-04 06:00:00,3,8.525,3,7.082,24.999,0,0,0.57648,0
INC-000996,2024-05-04 09:00:00,4,19.087,6,10.226,16.856,0,0,0.77171,0
INC-000997,2024-05-04 12:00:00,3,21.781,3,3.585,16.39,1,0,0.80152,0
INC-000998,2024-05-04 15:00:00,2,18.824,5,7.089,2.551,0,0,0.49331,0
INC-000999,2024-05-04 18:00:00,5,40.491,4,3.129,9.335,1,0,0.5735,0
INC-001000,2024-05-04 21:00:00,3,14.919,2,2.954,4.252,0,0,0.74255,0
INC-001001,2024-05-05 00:00:00,5,5.192,6,3.723,24.621,0,1,0.653,0
INC-001002,2024-05-05 03:00:00,4,9.084,3,9.224,6.676,0,0,0.74653,0
INC-001003,2024-05-05 06:00:00,3,29.319,6,1.455,43.363,0,0,0.68465,0
INC-001004,2024-05-05 09:00:00,5,5.902,4,1.323,20.014,0,0,0.87045,0
INC-001005,2024-05-05 12:00:00,1,44.16,4,13.394,9.073,0,0,0.65227,0
INC-001006,2024-05-05 15:00:00,5,18.314,2,2.406,38.754,0,0,0.62039,0
INC-001007,2024-05-05 18:00:00,5,13.45,9,4.105,6.048,0,0,0.87342,0
INC-001008,2024-05-05 21:00:00,3,2.675,3,3.335,6.192,0,1,0.74945,0
INC-001009,2024-05-06 00:00:00,4,11.35,6,11.66,8.782,0,0,0.84414,0
INC-001010,2024-05-06 03:00:00,3,16.594,8,9.166,38.915,0,1,0.55974,0
INC-001011,2024-05-06 06:00:00,2,25.935,4,1.871,60.415,0,1,0.49571,0
INC-001012,2024-05-06 09:00:00,4,11.474,5,4.949,4.262,0,0,0.91202,0
INC-001013,2024-05-06 12:00:00,2,8.847,4,5.894,106.514,1,0,0.93986,0
INC-001014,2024-05-06 15:00:00,2,22.987,4,6.959,29.867,0,0,0.92735,0
INC-001015,2024-05-06 18:00:00,3,3.361,5,1.054,13.39,0,0,0.70325,0
INC-001016,2024-05-06 21:00:00,5,30.182,6,1.328,27.969,1,0,0.95847,0
INC-001017,2024-05-07 00:00:00,2,3.215,2,7.31,39.466,0,0,0.77856,0
INC-001018,2024-05-07 03:00:00,3,33.337,8,1.689,9.236,1,0,0.82765,0
INC-001019,2024-05-07 06:00:00,1,8.19,6,5.828,39.624,1,1,0.7769,0
INC-001020,2024-05-07 09:00:00,1,17.953,3,1.951,18.975,1,1,0.83941,0
INC-001021,2024-05-07 12:00:00,1,5.61,3,1.389,4.181,1,1,0.82408,0
INC-001022,2024-05-07 15:00:00,1,5.108,4,2.354,29.632,0,0,0.70663,0
INC-001023,2024-05-07 18:00:00,5,19.773,4,4.44,50.8,0,0,0.78328,0
INC-001024,2024-05-07 21:00:00,5,21.266,8,5.649,25.853,0,0,0.77319,0
INC-001025,2024-05-08 00:00:00,5,30.304,6,6.135,7.402,0,0,0.64057,0
INC-001026,2024-05-08 03:00:00,1,19.717,5,7.923,26.146,0,1,0.9424,0
INC-001027,2024-05-08 06:00:00,1,11.619,3,2.458,23.069,0,1,0.66238,0
INC-001028,2024-05-08 09:00:00,2,5.439,2,7.619,27.84,1,0,0.68445,0
INC-001029,2024-05-08 12:00:00,3,12.035,5,4.752,3.897,0,0,0.89468,0
INC-001030,2024-05-08 15:00:00,2,2.483,4,5.294,4.475,0,0,0.7024,0
INC-001031,2024-05-08 18:00:00,3,8.513,5,18.107,12.138,0,0,0.96652,0
INC-001032,2024-05-08 21:00:00,1,40.923,4,6.765,34.578,0,0,0.60086,0
INC-001033,2024-05-09 00:00:00,4,18.772,4,3.878,30.984,0,0,0.7806,0
INC-001034,2024-05-09 03:00:00,2,25.363,7,3.433,37.325,0,1,0.63041,0
INC-001035,2024-05-09 06:00:00,1,18.468,4,4.479,28.211,1,0,0.60442,0
INC-001036,2024-05-09 09:00:00,4,17.393,4,1.528,32.91,0,0,0.96471,0
INC-001037,2024-05-09 12:00:00,5,4.476,4,5.834,22.964,0,0,0.86541,0
INC-001038,2024-05-09 15:00:00,1,9.957,3,4.442,16.944,0,0,0.74836,0
INC-001039,2024-05-09 18:00:00,3,28.25,2,5.254,30.267,0,0,0.89523,0
INC-001040,2024-05-09 21:00:00,5,13.249,5,4.743,6.73,0,0,0.99263,0
INC-001041,2024-05-10 00:00:00,4,6.971,4,1.643,8.515,0,0,0.87518,0
INC-001042,2024-05-10 03:00:00,5,28.206,3,6.931,6.044,0,0,0.38963,0
INC-001043,2024-05-10 06:00:00,3,23.75,3,2.928,21.765,0,0,0.7117,0
INC-001044,2024-05-10 09:00:00,2,30.96,5,8.568,6.834,1,1,0.82492,0
INC-001045,2024-05-10 12:00:00,4,35.997,5,7.339,1.554,1,0,0.74047,0
INC-001046,2024-05-10 15:00:00,1,14.72,2,12.923,5.096,0,0,0.62667,0
INC-001047,2024-05-10 18:00:00,2,13.473,2,4.476,50.853,0,0,0.81575,0
INC-001048,2024-05-10 21:00:00,4,4.519,5,7.941,21.929,1,0,0.77054,1
INC-001049,2024-05-11 00:00:00,4,16.834,6,13.904,38.716,0,0,0.74184,0
INC-001050,2024-05-11 03:00:00,1,40.964,3,2.749,4.352,0,1,0.84795,0
INC-001051,2024-05-11 06:00:00,3,18.732,2,9.284,27.282,0,0,0.88155,0
INC-001052,2024-05-11 09:00:00,2,31.486,4,6.693,6.219,0,0,0.76583,0
INC-001053,2024-05-11 12:00:00,3,4.693,3,2.151,26.71,1,0,0.48257,0
INC-001054,2024-05-11 15:00:00,5,6.764,6,4.104,37.316,0,1,0.82093,0
INC-001055,2024-05-11 18:00:00,1,25.841,3,20.022,29.75,0,0,0.78518,0
INC-001056,2024-05-11 21:00:00,5,30.509,5,8.944,20.163,0,0,0.91211,0
INC-001057,2024-05-12 00:00:00,3,31.289,4,6.262,49.027,0,0,0.9037,0
INC-001058,2024-05-12 03:00:00,4,46.153,3,2.81,34.525,1,0,0.63043,0
INC-001059,2024-05-12 06:00:00,3,7.259,2,0.957,10.041,0,0,0.7896,0
INC-001060,2024-05-12 09:00:00,2,8.379,5,1.731,6.503,1,1,0.86495,0
INC-001061,2024-05-12 12:00:00,4,12.411,2,4.614,83.419,0,1,0.67823,0
INC-001062,2024-05-12 15:00:00,4,50.411,3,4.617,10.616,1,0,0.84359,0
INC-001063,2024-05-12 18:00:00,1,36.534,6,10.637,17.479,1,0,0.86355,0
INC-001064,2024-05-12 21:00:00,4,15.488,5,2.351,8.15,0,1,0.57143,0
INC-001065,2024-05-13 00:00:00,4,20.485,4,2.209,33.212,1,0,0.61026,0
INC-001066,2024-05-13 03:00:00,2,7.562,2,6.774,8.946,0,0,0.74277,0
INC-001067,2024-05-13 06:00:00,5,24.171,4,3.504,19.481,0,0,0.7636,0
INC-001068,2024-05-13 09:00:00,4,10.482,4,3.475,25.996,0,0,0.85443,0
INC-001069,2024-05-13 12:00:00,2,25.261,6,9.932,11.392,0,0,0.95536,0
INC-001070,2024-05-13 15:00:00,1,23.313,2,2.117,25.736,1,0,0.74789,0
INC-001071,2024-05-13 18:00:00,4,12.373,7,8.948,57.083,1,0,0.79608,0
INC-001072,2024-05-13 21:00:00,2,55.491,6,6.218,22.901,0,0,0.64867,0
INC-001073,2024-05-14 00:00:00,4,13.38,4,3.251,31.311,1,0,0.59482,0
INC-001074,2024-05-14 03:00:00,3,31.719,3,4.521,14.163,0,0,0.51398,0
INC-001075,2024-05-14 06:00:00,3,29.682,3,2.54,13.188,0,0,0.64807,0
INC-001076,2024-05-14 09:00:00,1,5.488,2,4.004,6.157,1,0,0.71884,0
INC-001077,2024-05-14 12:00:00,4,9.43,4,13.413,21.418,0,1,0.59538,0
INC-001078,2024-05-14 15:00:00,1,34.443,2,2.749,39.064,1,1,0.73797,0
INC-001079,2024-05-14 18:00:00,3,10.703,2,1.264,30.151,0,0,0.64756,0
INC-001080,2024-05-14 21:00:00,5,22.282,1,4.623,13.108,0,0,0.92284,0
INC-001081,2024-05-15 00:00:00,5,7.817,2,11.872,15.284,0,0,0.72476,0
INC-001082,2024-05-15 03:00:00,5,23.21,3,5.393,57.629,0,0,0.86389,0
INC-001083,2024-05-15 06:00:00,5,8.25,8,3.831,27.616,0,0,0.94122,0
INC-001084,2024-05-15 09:00:00,3,26.945,4,3.711,33.796,0,1,0.45982,0
INC-001085,2024-05-15 12:00:00,2,22.354,5,9.135,36.73,0,1,0.94918,0
INC-001086,2024-05-15 15:00:00,5,24.285,3,5.876,13.637,1,0,0.66125,0
INC-001087,2024-05-15 18:00:00,5,38.147,3,6.775,12.325,0,0,0.84146,0
INC-001088,2024-05-15 21:00:00,5,21.771,2,5.085,13.42,0,0,0.75835,0
INC-001089,2024-05-16 00:00:00,4,12.505,3,8.126,12.068,0,0,0.94603,0
INC-001090,2024-05-16 03:00:00,1,6.224,4,13.422,49.968,0,0,0.88522,0
INC-001091,2024-05-16 06:00:00,3,27.469,5,4.574,16.795,0,1,0.87902,0
INC-001092,2024-05-16 09:00:00,3,36.607,6,5.806,45.18,0,1,0.80674,0
INC-001093,2024-05-16 12:00:00,5,44.169,2,13.037,17.245,0,1,0.88489,0
INC-001094,2024-05-16 15:00:00,2,28.625,4,5.079,18.093,1,0,0.81577,0
INC-001095,2024-05-16 18:00:00,2,6.515,3,9.055,2.953,0,0,0.90505,0
INC-001096,2024-05-16 21:00:00,1,43.737,2,2.429,12.801,0,0,0.68104,0
INC-001097,2024-05-17 00:00:00,5,10.047,5,2.692,50.889,1,0,0.68163,0
INC-001098,2024-05-17 03:00:00,4,12.471,3,15.573,49.597,0,0,0.53529,0
INC-001099,2024-05-17 06:00:00,1,23.054,5,7.665,12.529,0,0,0.69799,0
INC-001100,2024-05-17 09:00:00,3,12.091,6,4.169,1.745,0,0,0.90896,0
INC-001101,2024-05-17 12:00:00,3,24.949,4,3.137,8.393,0,0,0.65262,0
INC-001102,2024-05-17 15:00:00,3,12.142,4,3.73,12.43,1,1,0.62132,0
INC-001103,2024-05-17 18:00:00,5,35.018,2,1.808,12.502,0,0,0.66554,0
INC-001104,2024-05-17 21:00:00,1,27.254,5,7.233,12.496,1,0,0.78006,0
INC-001105,2024-05-18 00:00:00,2,8.28,8,6.74,19.782,0,0,0.98665,0
INC-001106,2024-05-18 03:00:00,1,28.649,4,6.632,7.572,1,0,0.87036,0
INC-001107,2024-05-18 06:00:00,2,15.799,4,11.138,17.628,0,0,0.63705,0
INC-001108,2024-05-18 09:00:00,5,46.194,4,4.887,23.972,1,0,0.64002,0
INC-001109,2024-05-18 12:00:00,5,13.526,5,6.249,13.317,0,0,0.94445,0
INC-001110,2024-05-18 15:00:00,1,23.192,3,1.321,20.525,0,1,0.82017,0
INC-001111,2024-05-18 18:00:00,4,18.367,5,7.725,56.582,0,0,0.78773,0
INC-001112,2024-05-18 21:00:00,2,5.345,6,6.859,31.089,1,0,0.81832,0
INC-001113,2024-05-19 00:00:00,1,16.598,4,1.976,27.97,0,1,0.83653,0
INC-001114,2024-05-19 03:00:00,2,19.448,3,4.19,14.26,0,0,0.98785,0
INC-001115,2024-05-19 06:00:00,1,13.984,4,10.118,12.029,1,1,0.57285,0
INC-001116,2024-05-19 09:00:00,3,9.434,4,6.118,18.424,1,0,0.63119,0
INC-001117,2024-05-19 12:00:00,5,24.255,4,2.974,27.537,0,0,0.75611,0
INC-001118,2024-05-19 15:00:00,3,9.541,4,6.876,22.736,0,0,0.69968,0
INC-001119,2024-05-19 18:00:00,4,21.073,5,14.613,21.086,0,0,0.83774,0
INC-001120,2024-05-19 21:00:00,3,22.007,7,1.603,34.67,1,0,0.71559,0
INC-001121,2024-05-20 00:00:00,1,15.727,5,7.543,26.4,0,0,0.91802,0
INC-001122,2024-05-20 03:00:00,1,33.176,6,5.955,33.184,1,0,0.83785,0
INC-001123,2024-05-20 06:00:00,2,45.805,4,1.855,8.935,0,0,0.77376,0
INC-001124,2024-05-20 09:00:00,2,23.01,4,6.152,6.443,1,0,0.88662,0
INC-001125,2024-05-20 12:00:00,5,9.928,6,3.189,53.359,0,0,0.9449,0
INC-001126,2024-05-20 15:00:00,5,32.397,3,3.886,1.586,0,0,0.55805,0
INC-001127,2024-05-20 18:00:00,5,28.876,4,6.909,7.228,1,0,0.78818,0
INC-001128,2024-05-20 21:00:00,4,25.087,2,6.722,14.16,1,0,0.87934,0
INC-001129,2024-05-21 00:00:00,3,3.822,5,6.628,44.874,1,0,0.64048,0
INC-001130,2024-05-21 03:00:00,4,29.361,4,20.01,6.238,0,0,0.92666,0
INC-001131,2024-05-21 06:00:00,3,15.111,2,4.331,3.14,0,0,0.54225,0
INC-001132,2024-05-21 09:00:00,4,2.923,3,2.147,9.391,1,0,0.97337,0
INC-001133,2024-05-21 12:00:00,4,2.466,3,7.611,12.835,0,0,0.84482,0
INC-001134,2024-05-21 15:00:00,4,10.33,5,5.935,20.336,0,0,0.87895,0
INC-001135,2024-05-21 18:00:00,4,2.895,6,3.311,28.393,0,0,0.8921,0
INC-001136,2024-05-21 21:00:00,1,20.317,3,3.15,35.455,0,0,0.61152,0
INC-001137,2024-05-22 00:00:00,4,3.259,7,11.654,4.958,0,0,0.93784,0
INC-001138,2024-05-22 03:00:00,2,15.119,2,1.08,1.385,0,0,0.84822,0
INC-001139,2024-05-22 06:00:00,4,9.145,4,5.844,19.818,1,0,0.54528,0
INC-001140,2024-05-22 09:00:00,3,10.515,3,3.065,6.116,0,0,0.76891,0
INC-001141,2024-05-22 12:00:00,5,10.336,4,6.427,11.72,0,0,0.85109,0
INC-001142,2024-05-22 15:00:00,2,10.633,3,2.733,14.833,0,0,0.78788,0
INC-001143,2024-05-22 18:00:00,5,33.82,6,6.536,12.459,0,0,0.79815,0
INC-001144,2024-05-22 21:00:00,5,52.714,6,9.737,2.718,1,1,0.80439,0
INC-001145,2024-05-23 00:00:00,2,37.721,2,3.382,21.406,1,0,0.69012,0
INC-001146,2024-05-23 03:00:00,3,5.294,5,3.757,66.644,0,0,0.89797,0
INC-001147,2024-05-23 06:00:00,3,28.727,5,6.369,17.672,1,0,0.88509,0
INC-001148,2024-05-23 09:00:00,4,36.26,7,8.076,73.836,0,0,0.54834,0
INC-001149,2024-05-23 12:00:00,4,4.147,4,17.551,1.545,1,1,0.78409,0
INC-001150,2024-05-23 15:00:00,5,8.997,4,3.819,9.237,1,0,0.55963,0
INC-001151,2024-05-23 18:00:00,2,27.893,7,3.758,59.509,1,1,0.85975,0
INC-001152,2024-05-23 21:00:00,3,7.625,5,2.268,8.999,0,0,0.7993,0
INC-001153,2024-05-24 00:00:00,3,38.823,3,0.949,22.585,0,0,0.62302,0
INC-001154,2024-05-24 03:00:00,5,24.523,3,9.804,17.98,0,0,0.48196,0
INC-001155,2024-05-24 06:00:00,2,24.245,3,4.493,14.416,0,0,0.74906,0
INC-001156,2024-05-24 09:00:00,3,33.364,4,2.216,35.74,0,1,0.74892,0
INC-001157,2024-05-24 12:00:00,1,33.027,4,8.805,18.487,0,0,0.77251,0
INC-001158,2024-05-24 15:00:00,5,5.4,4,7.614,31.416,0,0,0.71938,0
INC-001159,2024-05-24 18:00:00,2,10.448,1,3.732,60.541,0,0,0.76508,0
INC-001160,2024-05-24 21:00:00,2,18.392,5,6.028,36.522,0,0,0.77469,0
INC-001161,2024-05-25 00:00:00,3,10.431,2,2.488,7.173,1,0,0.60085,0
INC-001162,2024-05-25 03:00:00,3,25.216,4,7.886,84.38,0,0,0.92462,0
INC-001163,2024-05-25 06:00:00,5,25.337,3,3.261,27.711,0,0,0.9013,0
INC-001164,2024-05-25 09:00:00,3,6.106,3,10.588,15.568,1,1,0.68088,0
INC-001165,2024-05-25 12:00:00,3,23.527,5,7.0,6.0,0,1,0.8733,0
INC-001166,2024-05-25 15:00:00,1,6.877,4,1.922,19.405,0,0,0.69192,0
INC-001167,2024-05-25 18:00:00,1,10.084,2,9.831,9.888,1,0,0.78911,0
INC-001168,2024-05-25 21:00:00,2,20.777,5,9.302,4.578,0,0,0.71146,0
INC-001169,2024-05-26 00:00:00,5,27.397,4,8.472,6.576,0,0,0.68454,0
INC-001170,2024-05-26 03:00:00,5,7.329,6,8.793,3.772,1,0,0.71259,0
INC-001171,2024-05-26 06:00:00,4,32.69,1,4.949,13.692,1,1,0.95883,0
INC-001172,2024-05-26 09:00:00,4,24.069,3,5.962,16.754,0,0,0.48503,0
INC-001173,2024-05-26 12:00:00,2,22.683,5,4.306,25.015,0,0,0.85932,0
INC-001174,2024-05-26 15:00:00,1,13.521,5,1.353,27.118,1,0,0.83772,0
INC-001175,2024-05-26 18:00:00,1,21.2,1,6.927,11.854,0,0,0.97695,0
INC-001176,2024-05-26 21:00:00,2,8.724,7,1.625,13.201,0,1,0.84277,0
INC-001177,2024-05-27 00:00:00,2,13.277,7,2.279,21.605,0,1,0.57382,0
INC-001178,2024-05-27 03:00:00,1,34.878,3,3.147,6.908,0,0,0.88744,0
INC-001179,2024-05-27 06:00:00,2,22.515,4,5.175,30.529,0,0,0.50861,0
INC-001180,2024-05-27 09:00:00,1,23.471,2,15.299,14.169,1,1,0.9797,0
INC-001181,2024-05-27 12:00:00,4,70.143,5,3.13,34.282,0,0,0.96338,0
INC-001182,2024-05-27 15:00:00,5,12.176,3,16.143,20.063,1,0,0.8485,0
INC-001183,2024-05-27 18:00:00,4,24.681,5,9.13,15.499,1,0,0.65635,0
INC-001184,2024-05-27 21:00:00,3,4.493,5,6.352,41.221,1,0,0.6387,0
INC-001185,2024-05-28 00:00:00,3,34.955,2,2.888,4.303,1,0,0.69294,0
INC-001186,2024-05-28 03:00:00,2,17.743,5,5.234,24.187,0,0,0.95667,0
INC-001187,2024-05-28 06:00:00,1,20.756,4,5.539,53.393,0,0,0.78504,0
INC-001188,2024-05-28 09:00:00,3,3.201,3,7.832,20.746,0,0,0.84867,0
INC-001189,2024-05-28 12:00:00,3,10.922,6,3.0,17.711,0,0,0.38355,0
INC-001190,2024-05-28 15:00:00,1,7.415,4,9.327,34.885,0,0,0.85117,0
INC-001191,2024-05-28 18:00:00,3,53.472,2,4.823,11.789,1,0,0.93202,0
INC-001192,2024-05-28 21:00:00,2,15.171,6,6.923,14.73,1,0,0.88379,0
INC-001193,2024-05-29 00:00:00,1,9.374,5,4.55,6.019,0,0,0.57494,0
INC-001194,2024-05-29 03:00:00,4,13.464,6,11.523,11.197,0,0,0.92129,0
INC-001195,2024-05-29 06:00:00,3,8.621,6,2.39,29.047,0,1,0.60925,0
INC-001196,2024-05-29 09:00:00,4,13.1,4,6.099,15.04,1,0,0.71809,0
INC-001197,2024-05-29 12:00:00,4,25.795,2,1.912,8.395,1,1,0.69598,0
INC-001198,2024-05-29 15:00:00,5,17.547,5,7.321,42.484,0,1,0.76829,0
INC-001199,2024-05-29 18:00:00,5,14.546,2,2.257,38.611,0,0,0.62918,0
INC-001200,2024-05-29 21:00:00,4,36.199,5,4.149,9.342,1,0,0.73585,0
INC-001201,2024-05-30 00:00:00,5,17.329,4,3.809,38.389,0,0,0.8079,1
INC-001202,2024-05-30 03:00:00,3,22.521,5,18.851,28.49,1,0,0.62419,0
INC-001203,2024-05-30 06:00:00,5,4.066,3,2.961,21.666,0,0,0.43286,0
INC-001204,2024-05-30 09:00:00,4,4.121,4,9.385,55.721,0,0,0.6332,0
INC-001205,2024-05-30 12:00:00,4,4.556,2,0.965,24.053,0,0,0.74143,0
INC-001206,2024-05-30 15:00:00,5,25.324,4,5.203,10.103,1,0,0.91023,0
INC-001207,2024-05-30 18:00:00,3,40.248,1,11.874,13.85,0,0,0.67452,0
INC-001208,2024-05-30 21:00:00,4,15.959,8,1.425,4.027,1,0,0.91752,0
INC-001209,2024-05-31 00:00:00,2,63.591,3,9.111,27.807,1,0,0.37047,1
INC-001210,2024-05-31 03:00:00,5,20.925,2,4.587,55.129,1,0,0.70889,0
INC-001211,2024-05-31 06:00:00,4,34.128,9,1.101,24.256,1,0,0.60853,0
INC-001212,2024-05-31 09:00:00,4,12.204,2,10.012,21.703,1,0,0.32187,0
INC-001213,2024-05-31 12:00:00,3,10.705,5,7.576,34.177,1,0,0.85979,0
INC-001214,2024-05-31 15:00:00,5,9.695,4,2.678,30.401,0,0,0.80608,0
INC-001215,2024-05-31 18:00:00,1,10.82,6,7.897,43.227,1,0,0.92562,0
INC-001216,2024-05-31 21:00:00,1,35.118,5,1.5,18.402,1,0,0.75209,0
INC-001217,2024-06-01 00:00:00,3,5.023,5,3.311,25.929,0,0,0.88347,0
INC-001218,2024-06-01 03:00:00,4,9.763,6,5.118,17.643,0,0,0.8802,0
INC-001219,2024-06-01 06:00:00,5,55.959,3,4.933,5.897,0,0,0.62499,1
INC-001220,2024-06-01 09:00:00,3,28.975,4,6.795,7.229,1,0,0.89302,0
INC-001221,2024-06-01 12:00:00,4,16.493,6,18.552,10.722,1,0,0.92347,0
INC-001222,2024-06-01 15:00:00,3,20.679,7,5.831,5.697,0,0,0.51275,0
INC-001223,2024-06-01 18:00:00,5,16.658,5,5.942,21.149,1,0,0.45411,0
INC-001224,2024-06-01 21:00:00,4,33.1,2,10.651,35.789,0,0,0.68285,0
INC-001225,2024-06-02 00:00:00,3,8.995,5,4.914,11.905,0,0,0.94125,0
INC-001226,2024-06-02 03:00:00,5,8.987,8,1.299,3.239,1,0,0.89668,0
INC-001227,2024-06-02 06:00:00,1,12.11,7,5.433,9.784,1,0,0.74401,0
INC-001228,2024-06-02 09:00:00,5,32.92,3,1.209,15.132,0,0,0.67825,0
INC-001229,2024-06-02 12:00:00,1,6.522,6,9.983,34.012,1,0,0.8081,0
INC-001230,2024-06-02 15:00:00,2,31.855,2,5.082,19.652,1,0,0.91185,0
INC-001231,2024-06-02 18:00:00,5,18.891,3,6.61,19.617,1,0,0.91093,0
INC-001232,2024-06-02 21:00:00,4,10.982,4,2.444,26.828,1,0,0.86757,0
INC-001233,2024-06-03 00:00:00,5,35.869,3,2.532,37.864,0,0,0.51637,0
INC-001234,2024-06-03 03:00:00,4,9.107,7,7.523,53.704,0,0,0.75038,0
INC-001235,2024-06-03 06:00:00,4,36.707,3,4.165,11.943,0,0,0.80957,0
INC-001236,2024-06-03 09:00:00,2,21.308,2,2.998,18.405,0,1,0.72515,0
INC-001237,2024-06-03 12:00:00,1,13.303,4,11.889,11.923,0,0,0.88,0
INC-001238,2024-06-03 15:00:00,1,62.081,5,5.539,25.816,0,0,0.8391,0
INC-001239,2024-06-03 18:00:00,2,5.862,3,3.302,3.207,0,0,0.87199,0
INC-001240,2024-06-03 21:00:00,1,10.808,3,5.779,63.694,0,0,0.69725,0
INC-001241,2024-06-04 00:00:00,3,25.651,5,3.732,27.897,0,0,0.7877,0
INC-001242,2024-06-04 03:00:00,4,38.539,4,7.093,24.789,0,0,0.77178,0
INC-001243,2024-06-04 06:00:00,5,50.021,2,2.35,10.022,0,0,0.82662,0
INC-001244,2024-06-04 09:00:00,3,31.761,4,10.104,13.552,0,0,0.57373,0
INC-001245,2024-06-04 12:00:00,5,28.58,3,3.732,5.704,0,0,0.55867,0
INC-001246,2024-06-04 15:00:00,5,43.476,6,1.898,9.529,1,1,0.78871,0
INC-001247,2024-06-04 18:00:00,5,4.35,8,2.059,37.866,1,0,0.74147,0
INC-001248,2024-06-04 21:00:00,3,8.614,2,4.385,4.013,0,0,0.90521,0
INC-001249,2024-06-05 00:00:00,2,5.886,5,3.02,72.644,1,0,0.83663,0
INC-001250,2024-06-05 03:00:00,5,18.061,4,1.668,43.124,1,0,0.67899,0
INC-001251,2024-06-05 06:00:00,2,28.455,2,1.729,24.403,0,0,0.88825,0
INC-001252,2024-06-05 09:00:00,3,7.219,3,5.132,8.914,0,0,0.41361,0
INC-001253,2024-06-05 12:00:00,1,26.637,3,6.016,31.448,0,0,0.50958,0
INC-001254,2024-06-05 15:00:00,4,19.365,2,5.386,29.306,0,1,0.91608,0
INC-001255,2024-06-05 18:00:00,4,16.017,4,11.668,11.739,1,0,0.97705,0
INC-001256,2024-06-05 21:00:00,1,19.165,7,6.625,27.439,0,0,0.89767,0
INC-001257,2024-06-06 00:00:00,2,16.508,4,3.285,15.083,1,0,0.93069,0
INC-001258,2024-06-06 03:00:00,3,14.773,4,2.627,2.912,0,0,0.79903,0
INC-001259,2024-06-06 06:00:00,3,5.006,6,1.55,6.106,1,0,0.93074,0
INC-001260,2024-06-06 09:00:00,5,7.193,3,7.816,42.049,0,0,0.42338,0
INC-001261,2024-06-06 12:00:00,2,5.159,10,15.409,13.076,0,1,0.67947,0
INC-001262,2024-06-06 15:00:00,5,9.7,6,8.943,10.447,0,0,0.72011,0
INC-001263,2024-06-06 18:00:00,3,27.252,4,4.216,21.073,0,0,0.60277,0
INC-001264,2024-06-06 21:00:00,5,6.707,3,2.836,1.883,0,0,0.78415,0
INC-001265,2024-06-07 00:00:00,2,12.025,4,7.45,19.323,1,0,0.91703,0
INC-001266,2024-06-07 03:00:00,1,22.169,8,4.384,22.133,0,0,0.75872,0
INC-001267,2024-06-07 06:00:00,1,17.843,9,4.053,30.819,0,0,0.66508,0
INC-001268,2024-06-07 09:00:00,2,11.674,4,12.311,7.299,0,0,0.82717,0
INC-001269,2024-06-07 12:00:00,5,25.662,4,1.351,11.554,0,0,0.8118,0
INC-001270,2024-06-07 15:00:00,1,22.582,1,6.407,21.737,0,0,0.48831,0
INC-001271,2024-06-07 18:00:00,2,33.396,2,2.986,7.957,0,1,0.7465,0
INC-001272,2024-06-07 21:00:00,1,9.732,5,4.991,23.129,1,1,0.55229,0
INC-001273,2024-06-08 00:00:00,5,7.951,2,2.579,21.025,0,0,0.53129,0
INC-001274,2024-06-08 03:00:00,4,19.852,2,4.391,1.692,1,0,0.61824,0
INC-001275,2024-06-08 06:00:00,4,10.002,7,20.967,37.254,0,0,0.93104,0
INC-001276,2024-06-08 09:00:00,4,3.127,5,8.385,8.163,0,1,0.91947,0
INC-001277,2024-06-08 12:00:00,4,23.146,1,7.452,19.733,0,0,0.71427,0
INC-001278,2024-06-08 15:00:00,4,43.156,4,5.092,64.313,0,0,0.78825,0
INC-001279,2024-06-08 18:00:00,1,10.706,6,4.78,9.02,0,0,0.93352,0
INC-001280,2024-06-08 21:00:00,5,15.851,3,5.334,26.964,0,1,0.91904,0
INC-001281,2024-06-09 00:00:00,4,10.909,8,6.936,75.317,0,1,0.68675,0
INC-001282,2024-06-09 03:00:00,4,39.85,6,8.496,29.99,1,0,0.72041,0
INC-001283,2024-06-09 06:00:00,2,3.633,2,16.677,42.893,1,0,0.91287,0
INC-001284,2024-06-09 09:00:00,5,36.759,5,4.217,6.551,0,0,0.89797,0
INC-001285,2024-06-09 12:00:00,2,33.065,3,12.121,53.417,0,0,0.8821,0
INC-001286,2024-06-09 15:00:00,1,17.144,4,16.802,2.985,0,0,0.65389,0
INC-001287,2024-06-09 18:00:00,5,12.165,4,8.941,28.502,0,0,0.93871,0
INC-001288,2024-06-09 21:00:00,2,32.2,6,4.729,19.09,0,0,0.47124,0
INC-001289,2024-06-10 00:00:00,1,29.812,2,8.983,14.735,0,0,0.88501,0
INC-001290,2024-06-10 03:00:00,4,18.245,3,1.642,12.652,1,0,0.74619,0
INC-001291,2024-06-10 06:00:00,2,4.824,2,14.93,30.495,0,1,0.56139,0
INC-001292,2024-06-10 09:00:00,5,46.826,5,9.527,10.043,1,1,0.71852,0
INC-001293,2024-06-10 12:00:00,3,14.588,5,4.595,13.247,1,0,0.77708,1
INC-001294,2024-06-10 15:00:00,1,20.369,3,4.361,28.654,0,1,0.66075,0
INC-001295,2024-06-10 18:00:00,5,4.071,3,1.897,41.698,0,0,0.92303,0
INC-001296,2024-06-10 21:00:00,3,3.946,4,10.528,17.455,0,0,0.97252,0
INC-001297,2024-06-11 00:00:00,2,4.573,2,4.431,54.903,0,0,0.79134,0
INC-001298,2024-06-11 03:00:00,4,19.827,9,15.814,22.026,0,0,0.62027,0
INC-001299,2024-06-11 06:00:00,3,34.649,2,1.632,20.425,0,1,0.70163,0
INC-001300,2024-06-11 09:00:00,1,4.103,5,2.631,101.437,0,0,0.51069,0
INC-001301,2024-06-11 12:00:00,4,16.036,2,2.428,25.649,0,0,0.83326,0
INC-001302,2024-06-11 15:00:00,3,38.518,6,0.997,69.017,0,0,0.53773,0
INC-001303,2024-06-11 18:00:00,4,3.419,3,7.863,95.793,1,0,0.61279,0
INC-001304,2024-06-11 21:00:00,5,44.989,6,2.166,6.797,1,0,0.70271,0
INC-001305,2024-06-12 00:00:00,4,11.74,3,2.642,9.897,1,0,0.63178,1
INC-001306,2024-06-12 03:00:00,4,43.631,4,2.256,3.77,0,1,0.50979,0
INC-001307,2024-06-12 06:00:00,2,12.312,7,3.818,32.15,0,0,0.83469,0
INC-001308,2024-06-12 09:00:00,2,23.286,8,13.741,32.505,0,0,0.69997,0
INC-001309,2024-06-12 12:00:00,3,17.327,4,6.954,12.008,1,0,0.78067,0
INC-001310,2024-06-12 15:00:00,5,10.627,4,5.752,1.529,0,0,0.93347,0
INC-001311,2024-06-12 18:00:00,3,8.864,4,5.024,26.61,0,0,0.73397,0
INC-001312,2024-06-12 21:00:00,2,12.39,3,3.404,4.183,1,0,0.80092,0
INC-001313,2024-06-13 00:00:00,4,19.811,4,3.44,16.361,0,0,0.83509,0
INC-001314,2024-06-13 03:00:00,5,37.692,5,5.559,33.465,1,0,0.67622,0
INC-001315,2024-06-13 06:00:00,5,13.991,2,12.738,21.579,0,1,0.79566,0
INC-001316,2024-06-13 09:00:00,2,47.954,3,3.236,41.447,0,1,0.90879,0
INC-001317,2024-06-13 12:00:00,4,32.276,6,9.747,15.593,1,0,0.83779,0
INC-001318,2024-06-13 15:00:00,3,18.302,4,2.331,10.321,0,0,0.92898,0
INC-001319,2024-06-13 18:00:00,3,14.97,6,7.832,8.589,0,0,0.6789,0
INC-001320,2024-06-13 21:00:00,2,25.709,2,12.406,32.815,0,0,0.82182,0
INC-001321,2024-06-14 00:00:00,1,6.522,4,4.76,18.044,0,0,0.69926,0
INC-001322,2024-06-14 03:00:00,2,5.923,7,3.428,9.851,0,0,0.96029,0
INC-001323,2024-06-14 06:00:00,3,13.611,2,7.814,25.66,0,0,0.71878,0
INC-001324,2024-06-14 09:00:00,5,17.441,4,14.768,3.383,0,0,0.71661,0
INC-001325,2024-06-14 12:00:00,5,21.563,4,9.458,20.18,0,0,0.87369,0
INC-001326,2024-06-14 15:00:00,1,11.216,4,16.13,23.81,0,0,0.78783,0
INC-001327,2024-06-14 18:00:00,4,40.054,7,5.093,26.344,0,0,0.80144,0
INC-001328,2024-06-14 21:00:00,1,5.339,7,4.876,55.151,1,0,0.70322,0
INC-001329,2024-06-15 00:00:00,4,23.719,7,1.762,14.893,0,1,0.47217,0
INC-001330,2024-06-15 03:00:00,2,14.442,3,3.33,24.082,0,0,0.54578,0
INC-001331,2024-06-15 06:00:00,3,37.571,4,4.628,27.12,0,0,0.65887,0
INC-001332,2024-06-15 09:00:00,4,48.778,2,4.958,18.222,0,0,0.80512,0
INC-001333,2024-06-15 12:00:00,3,5.978,6,7.722,6.068,0,0,0.61323,0
INC-001334,2024-06-15 15:00:00,5,3.774,4,3.579,35.136,1,0,0.87791,0
INC-001335,2024-06-15 18:00:00,3,11.322,3,3.731,1.496,0,1,0.83538,0
INC-001336,2024-06-15 21:00:00,5,9.433,2,18.002,6.472,1,1,0.47836,1
INC-001337,2024-06-16 00:00:00,4,14.258,5,1.033,14.538,0,1,0.66631,0
INC-001338,2024-06-16 03:00:00,2,13.967,5,2.602,6.45,1,0,0.47785,0
INC-001339,2024-06-16 06:00:00,4,3.774,5,1.131,20.123,1,0,0.78992,0
INC-001340,2024-06-16 09:00:00,3,32.863,5,1.25,44.361,1,0,0.90519,0
INC-001341,2024-06-16 12:00:00,3,4.379,4,3.903,70.733,0,0,0.62522,0
INC-001342,2024-06-16 15:00:00,1,5.92,7,6.299,18.498,0,0,0.71014,0
INC-001343,2024-06-16 18:00:00,1,3.427,2,3.798,25.52,0,0,0.77895,0
INC-001344,2024-06-16 21:00:00,3,9.906,5,6.565,20.036,0,1,0.82895,0
INC-001345,2024-06-17 00:00:00,1,10.995,3,8.568,17.681,0,0,0.80531,0
INC-001346,2024-06-17 03:00:00,5,10.5,8,5.812,17.767,1,0,0.78642,1
INC-001347,2024-06-17 06:00:00,5,39.027,5,6.554,61.985,0,0,0.62353,0
INC-001348,2024-06-17 09:00:00,4,10.216,6,4.149,2.042,0,0,0.65406,0
INC-001349,2024-06-17 12:00:00,4,11.777,5,3.582,37.326,1,0,0.65129,0
INC-001350,2024-06-17 15:00:00,3,4.952,8,1.096,8.92,0,0,0.74615,0
INC-001351,2024-06-17 18:00:00,1,13.25,5,8.873,15.877,1,0,0.79844,0
INC-001352,2024-06-17 21:00:00,2,14.27,3,5.635,6.145,1,1,0.96274,0
INC-001353,2024-06-18 00:00:00,3,18.875,2,6.222,5.636,0,0,0.96838,0
INC-001354,2024-06-18 03:00:00,5,4.25,1,1.723,41.606,0,0,0.79736,0
INC-001355,2024-06-18 06:00:00,2,7.744,5,2.724,10.825,1,1,0.79704,0
INC-001356,2024-06-18 09:00:00,3,9.398,6,3.998,19.516,0,0,0.67001,0
INC-001357,2024-06-18 12:00:00,2,10.828,4,2.188,28.065,1,0,0.90415,0
INC-001358,2024-06-18 15:00:00,1,10.114,3,5.759,55.022,0,1,0.79594,0
INC-001359,2024-06-18 18:00:00,1,28.034,3,5.486,5.847,0,0,0.60972,0
INC-001360,2024-06-18 21:00:00,2,12.419,4,5.249,57.552,0,0,0.80668,0
INC-001361,2024-06-19 00:00:00,1,5.835,7,8.789,23.372,0,0,0.7948,0
INC-001362,2024-06-19 03:00:00,1,7.069,2,5.855,22.587,0,0,0.74673,0
INC-001363,2024-06-19 06:00:00,2,8.765,6,11.759,14.765,0,0,0.8853,0
INC-001364,2024-06-19 09:00:00,2,78.806,5,5.996,12.921,0,0,0.61087,0
INC-001365,2024-06-19 12:00:00,3,9.825,8,3.121,3.577,0,0,0.92238,0
INC-001366,2024-06-19 15:00:00,1,15.543,7,4.916,46.763,1,0,0.58294,0
INC-001367,2024-06-19 18:00:00,2,4.226,2,6.281,5.343,0,0,0.72203,0
INC-001368,2024-06-19 21:00:00,3,12.377,4,2.79,11.514,0,0,0.72456,0
INC-001369,2024-06-20 00:00:00,5,36.805,6,5.402,41.694,0,0,0.91295,1
INC-001370,2024-06-20 03:00:00,4,10.394,4,3.093,17.425,0,0,0.58912,0
INC-001371,2024-06-20 06:00:00,5,40.925,3,2.198,6.871,0,0,0.55488,0
INC-001372,2024-06-20 09:00:00,2,6.068,2,14.269,35.543,1,0,0.88632,0
INC-001373,2024-06-20 12:00:00,3,14.104,4,3.054,13.022,0,1,0.66827,0
INC-001374,2024-06-20 15:00:00,3,12.375,7,2.688,11.357,1,0,0.77304,0
INC-001375,2024-06-20 18:00:00,5,7.508,3,7.97,5.582,1,0,0.74693,0
INC-001376,2024-06-20 21:00:00,5,19.896,3,3.923,12.252,1,0,0.93153,0
INC-001377,2024-06-21 00:00:00,5,25.353,2,2.902,14.432,0,0,0.81968,0
INC-001378,2024-06-21 03:00:00,4,21.806,5,8.125,27.626,0,0,0.82696,0
INC-001379,2024-06-21 06:00:00,3,44.931,4,4.821,9.671,0,0,0.89882,0
INC-001380,2024-06-21 09:00:00,3,16.415,4,8.867,47.73,0,1,0.87222,0
INC-001381,2024-06-21 12:00:00,5,32.14,6,12.05,42.507,0,1,0.90738,0
INC-001382,2024-06-21 15:00:00,2,15.149,7,3.858,42.504,0,0,0.65682,0
INC-001383,2024-06-21 18:00:00,2,15.262,3,7.679,22.086,0,0,0.67866,0
INC-001384,2024-06-21 21:00:00,5,7.317,1,12.428,33.854,0,0,0.56994,0
INC-001385,2024-06-22 00:00:00,2,12.678,3,14.677,31.621,0,0,0.64121,0
INC-001386,2024-06-22 03:00:00,2,32.735,5,3.323,39.29,0,0,0.79027,0
INC-001387,2024-06-22 06:00:00,3,17.69,3,9.747,41.954,0,0,0.7032,0
INC-001388,2024-06-22 09:00:00,2,34.363,5,1.194,32.627,0,0,0.76329,0
INC-001389,2024-06-22 12:00:00,5,14.132,2,5.955,33.13,0,0,0.41625,0
INC-001390,2024-06-22 15:00:00,5,29.744,2,1.889,30.949,0,0,0.62886,0
INC-001391,2024-06-22 18:00:00,2,23.005,3,3.864,33.179,1,0,0.76616,0
INC-001392,2024-06-22 21:00:00,3,6.97,3,19.088,20.538,0,0,0.82517,0
INC-001393,2024-06-23 00:00:00,5,45.197,8,8.995,11.624,1,0,0.81025,0
INC-001394,2024-06-23 03:00:00,4,21.919,4,1.92,7.14,0,0,0.75999,0
INC-001395,2024-06-23 06:00:00,2,4.14,5,2.335,5.515,0,0,0.8767,0
INC-001396,2024-06-23 09:00:00,3,20.484,3,10.409,7.781,0,0,0.97279,0
INC-001397,2024-06-23 12:00:00,4,20.634,3,10.182,40.194,1,1,0.86278,0
INC-001398,2024-06-23 15:00:00,4,11.324,4,10.549,52.579,1,0,0.8951,0
INC-001399,2024-06-23 18:00:00,1,18.909,9,5.941,32.039,0,1,0.51551,0
INC-001400,2024-06-23 21:00:00,2,24.605,3,8.972,23.745,0,0,0.84736,0
INC-001401,2024-06-24 00:00:00,5,15.629,4,3.998,3.57,1,0,0.7599,0
INC-001402,2024-06-24 03:00:00,2,9.975,1,3.877,17.833,0,0,0.80982,0
INC-001403,2024-06-24 06:00:00,2,8.281,1,5.719,11.072,0,0,0.72475,0
INC-001404,2024-06-24 09:00:00,2,37.808,2,2.885,11.07,1,0,0.87107,0
INC-001405,2024-06-24 12:00:00,1,12.552,3,2.578,21.537,0,0,0.88518,0
INC-001406,2024-06-24 15:00:00,1,26.317,5,7.367,31.878,1,0,0.88658,0
INC-001407,2024-06-24 18:00:00,2,14.265,5,7.814,19.894,1,0,0.66596,0
INC-001408,2024-06-24 21:00:00,5,36.132,7,2.622,79.476,1,0,0.74962,0
INC-001409,2024-06-25 00:00:00,1,13.615,3,3.351,23.206,0,0,0.59339,0
INC-001410,2024-06-25 03:00:00,2,21.861,4,6.678,2.972,0,1,0.80496,0
INC-001411,2024-06-25 06:00:00,1,5.244,3,6.303,62.291,0,0,0.83335,0
INC-001412,2024-06-25 09:00:00,3,36.557,4,5.954,19.042,0,0,0.8623,0
INC-001413,2024-06-25 12:00:00,2,5.177,6,2.713,52.349,0,1,0.59017,0
INC-001414,2024-06-25 15:00:00,4,21.763,7,20.824,5.366,0,0,0.65505,0
INC-001415,2024-06-25 18:00:00,3,23.656,5,3.649,9.588,1,0,0.77587,0
INC-001416,2024-06-25 21:00:00,4,11.808,6,6.869,7.664,0,0,0.92538,0
INC-001417,2024-06-26 00:00:00,4,10.521,5,2.22,39.446,0,0,0.92256,0
INC-001418,2024-06-26 03:00:00,3,15.158,3,4.847,46.581,1,0,0.88778,0
INC-001419,2024-06-26 06:00:00,5,25.388,3,2.588,28.968,0,0,0.92339,0
INC-001420,2024-06-26 09:00:00,3,33.904,3,3.551,24.599,0,0,0.69811,0
INC-001421,2024-06-26 12:00:00,5,37.802,5,6.036,3.314,1,0,0.32921,1
INC-001422,2024-06-26 15:00:00,5,16.611,4,11.657,10.524,0,0,0.60787,0
INC-001423,2024-06-26 18:00:00,3,7.723,2,3.303,11.921,0,0,0.64428,0
INC-001424,2024-06-26 21:00:00,4,10.693,5,5.84,4.324,1,0,0.90601,0
INC-001425,2024-06-27 00:00:00,2,14.12,4,6.814,18.299,0,1,0.88657,0
INC-001426,2024-06-27 03:00:00,5,42.084,6,8.067,29.512,1,0,0.87078,0
INC-001427,2024-06-27 06:00:00,4,14.887,9,1.391,36.505,1,0,0.79836,0
INC-001428,2024-06-27 09:00:00,5,39.084,5,8.876,31.032,0,0,0.77368,0
INC-001429,2024-06-27 12:00:00,2,24.691,5,6.87,15.519,1,0,0.87153,0
INC-001430,2024-06-27 15:00:00,4,13.218,4,5.959,12.683,0,0,0.89949,0
INC-001431,2024-06-27 18:00:00,3,12.031,5,3.043,16.31,0,1,0.8133,0
INC-001432,2024-06-27 21:00:00,1,9.288,5,6.33,17.9,0,0,0.76446,0
INC-001433,2024-06-28 00:00:00,1,9.333,6,17.213,7.342,0,0,0.71403,0
INC-001434,2024-06-28 03:00:00,3,10.851,8,10.812,13.285,0,0,0.66572,0
INC-001435,2024-06-28 06:00:00,2,24.15,2,3.879,11.362,0,0,0.77595,0
INC-001436,2024-06-28 09:00:00,1,31.672,3,5.903,57.24,0,0,0.91918,0
INC-001437,2024-06-28 12:00:00,3,15.497,4,6.03,38.77,0,0,0.82564,0
INC-001438,2024-06-28 15:00:00,4,9.401,1,4.282,29.286,0,0,0.44514,0
INC-001439,2024-06-28 18:00:00,2,21.306,5,1.99,8.614,1,0,0.50845,0
INC-001440,2024-06-28 21:00:00,5,27.509,6,3.927,33.685,1,0,0.93662,0
INC-001441,2024-06-29 00:00:00,4,14.309,4,7.223,10.211,0,0,0.878,0
INC-001442,2024-06-29 03:00:00,3,45.108,5,3.868,33.959,0,0,0.63687,0
INC-001443,2024-06-29 06:00:00,5,8.472,10,4.861,15.907,0,0,0.93167,0
INC-001444,2024-06-29 09:00:00,3,10.876,7,11.765,43.591,0,0,0.64002,0
INC-001445,2024-06-29 12:00:00,1,10.804,3,4.883,5.159,0,0,0.53689,0
INC-001446,2024-06-29 15:00:00,1,12.439,5,5.101,32.786,1,0,0.81162,0
INC-001447,2024-06-29 18:00:00,5,11.084,6,5.557,46.248,0,0,0.74038,0
INC-001448,2024-06-29 21:00:00,5,4.356,4,3.636,16.628,1,1,0.86758,0
INC-001449,2024-06-30 00:00:00,4,4.98,4,9.079,15.673,1,0,0.6631,0
INC-001450,2024-06-30 03:00:00,1,12.273,2,2.245,19.676,0,0,0.85919,0
INC-001451,2024-06-30 06:00:00,2,7.984,4,3.625,29.051,1,0,0.76508,0
INC-001452,2024-06-30 09:00:00,1,16.082,6,5.935,12.237,0,1,0.68956,0
INC-001453,2024-06-30 12:00:00,1,36.751,5,4.039,10.688,1,0,0.70421,0
INC-001454,2024-06-30 15:00:00,2,14.828,5,13.829,63.118,0,0,0.88701,0
INC-001455,2024-06-30 18:00:00,3,17.337,7,5.141,15.05,0,0,0.49267,0
INC-001456,2024-06-30 21:00:00,1,11.97,3,5.046,18.778,0,0,0.42632,0
INC-001457,2024-07-01 00:00:00,5,19.977,3,2.648,13.624,0,0,0.62463,0
INC-001458,2024-07-01 03:00:00,3,14.745,4,4.099,30.764,1,0,0.63803,0
INC-001459,2024-07-01 06:00:00,2,19.521,5,8.822,11.352,1,0,0.91934,0
INC-001460,2024-07-01 09:00:00,3,67.486,3,3.166,17.593,0,0,0.49145,0
INC-001461,2024-07-01 12:00:00,4,10.089,6,1.589,40.355,1,0,0.72304,0
INC-001462,2024-07-01 15:00:00,2,9.84,2,4.586,36.697,0,1,0.90201,0
INC-001463,2024-07-01 18:00:00,1,44.216,4,5.31,14.815,0,0,0.88081,0
INC-001464,2024-07-01 21:00:00,1,16.695,6,3.8,20.08,0,0,0.78818,0
INC-001465,2024-07-02 00:00:00,5,36.838,5,11.896,9.029,1,0,0.77589,1
INC-001466,2024-07-02 03:00:00,1,11.387,2,19.103,20.058,0,0,0.65324,0
INC-001467,2024-07-02 06:00:00,4,24.883,2,5.917,71.147,0,0,0.9054,0
INC-001468,2024-07-02 09:00:00,2,18.588,8,4.077,34.95,0,0,0.83307,0
INC-001469,2024-07-02 12:00:00,4,27.734,3,7.243,8.963,1,1,0.80513,0
INC-001470,2024-07-02 15:00:00,1,7.752,6,11.953,4.413,0,0,0.89659,0
INC-001471,2024-07-02 18:00:00,5,14.15,5,3.338,9.17,0,1,0.86002,0
INC-001472,2024-07-02 21:00:00,4,4.512,7,8.522,6.392,0,0,0.63947,0
INC-001473,2024-07-03 00:00:00,3,13.31,7,4.59,17.707,0,0,0.98604,0
INC-001474,2024-07-03 03:00:00,2,18.284,6,10.407,42.783,0,0,0.70659,0
INC-001475,2024-07-03 06:00:00,5,19.379,6,2.66,17.876,1,0,0.77116,0
INC-001476,2024-07-03 09:00:00,2,8.805,5,12.95,11.478,0,0,0.76306,0
INC-001477,2024-07-03 12:00:00,3,16.679,3,6.056,15.092,1,0,0.88486,0
INC-001478,2024-07-03 15:00:00,2,29.745,6,7.234,28.545,1,0,0.65382,0
INC-001479,2024-07-03 18:00:00,2,10.115,3,2.394,22.427,0,0,0.93139,0
INC-001480,2024-07-03 21:00:00,3,6.731,3,2.35,9.368,0,0,0.48918,0
INC-001481,2024-07-04 00:00:00,1,9.276,6,6.475,35.094,0,0,0.80746,0
INC-001482,2024-07-04 03:00:00,1,22.147,1,7.386,7.759,0,1,0.85147,0
INC-001483,2024-07-04 06:00:00,2,9.87,6,4.332,21.257,0,1,0.85587,0
INC-001484,2024-07-04 09:00:00,1,18.669,4,7.91,13.426,0,0,0.75995,0
INC-001485,2024-07-04 12:00:00,3,14.259,5,2.387,16.681,1,0,0.79237,0
INC-001486,2024-07-04 15:00:00,5,29.188,5,1.933,8.084,1,0,0.72973,0
INC-001487,2024-07-04 18:00:00,1,17.433,6,5.606,20.256,0,0,0.85471,0
INC-001488,2024-07-04 21:00:00,1,26.007,3,2.332,7.274,1,0,0.87982,0
INC-001489,2024-07-05 00:00:00,1,44.263,1,1.63,12.63,1,0,0.82709,0
INC-001490,2024-07-05 03:00:00,3,7.907,6,2.811,15.878,0,0,0.74981,0
INC-001491,2024-07-05 06:00:00,2,14.752,6,7.221,9.523,0,1,0.65852,0
INC-001492,2024-07-05 09:00:00,3,19.367,5,5.98,48.087,1,0,0.70781,0
INC-001493,2024-07-05 12:00:00,1,20.25,2,12.069,12.598,1,0,0.93455,0
INC-001494,2024-07-05 15:00:00,2,14.237,4,6.255,15.019,0,1,0.89252,0
INC-001495,2024-07-05 18:00:00,3,5.667,1,2.454,19.711,1,0,0.96232,0
INC-001496,2024-07-05 21:00:00,3,11.298,4,7.547,5.44,0,0,0.89821,0
INC-001497,2024-07-06 00:00:00,3,26.19,5,3.293,3.465,0,0,0.7043,0
INC-001498,2024-07-06 03:00:00,4,6.969,5,4.285,15.897,1,0,0.78829,0
INC-001499,2024-07-06 06:00:00,3,24.215,4,3.336,4.148,1,0,0.76077,0
INC-001500,2024-07-06 09:00:00,5,19.038,1,2.245,24.847,0,0,0.81288,0
INC-001501,2024-07-06 12:00:00,3,11.772,4,25.919,25.724,0,0,0.68887,0
INC-001502,2024-07-06 15:00:00,2,16.47,4,2.968,24.839,0,0,0.97851,0
INC-001503,2024-07-06 18:00:00,2,15.305,6,1.526,33.226,0,0,0.91884,0
INC-001504,2024-07-06 21:00:00,2,22.271,6,8.16,15.841,1,0,0.88186,0
INC-001505,2024-07-07 00:00:00,3,7.178,5,1.339,49.035,0,1,0.76937,0
INC-001506,2024-07-07 03:00:00,2,18.461,7,4.636,23.061,1,0,0.66803,0
INC-001507,2024-07-07 06:00:00,5,15.923,5,9.0,46.371,0,0,0.84906,0
INC-001508,2024-07-07 09:00:00,3,20.103,2,5.18,32.155,1,1,0.86402,0
INC-001509,2024-07-07 12:00:00,5,12.548,5,4.174,16.286,0,0,0.66332,0
INC-001510,2024-07-07 15:00:00,4,16.65,5,2.939,22.934,1,0,0.6793,0
INC-001511,2024-07-07 18:00:00,2,12.272,7,12.103,28.392,0,0,0.77704,0
INC-001512,2024-07-07 21:00:00,2,37.761,5,4.151,3.228,0,1,0.78449,0
INC-001513,2024-07-08 00:00:00,4,18.539,4,8.055,5.521,0,0,0.78057,0
INC-001514,2024-07-08 03:00:00,2,18.871,4,9.522,55.506,0,0,0.78173,0
INC-001515,2024-07-08 06:00:00,2,26.996,4,4.505,28.195,0,0,0.68664,0
INC-001516,2024-07-08 09:00:00,5,9.996,3,2.501,39.53,1,0,0.60727,0
INC-001517,2024-07-08 12:00:00,3,11.33,5,9.677,15.674,1,0,0.58065,0
INC-001518,2024-07-08 15:00:00,1,15.841,4,4.65,46.99,0,0,0.71313,0
INC-001519,2024-07-08 18:00:00,3,40.014,9,5.001,16.441,1,0,0.78688,0
INC-001520,2024-07-08 21:00:00,3,19.988,3,3.979,28.025,0,0,0.8934,0
INC-001521,2024-07-09 00:00:00,5,13.297,2,9.446,51.532,0,0,0.76536,0
INC-001522,2024-07-09 03:00:00,4,10.403,5,2.313,30.602,0,0,0.92223,0
INC-001523,2024-07-09 06:00:00,1,11.112,4,5.047,7.826,0,0,0.9287,0
INC-001524,2024-07-09 09:00:00,1,8.847,3,2.545,17.376,0,0,0.90293,0
INC-001525,2024-07-09 12:00:00,4,18.794,4,3.972,23.634,0,0,0.40445,0
INC-001526,2024-07-09 15:00:00,1,15.666,5,10.317,29.415,0,1,0.90274,0
INC-001527,2024-07-09 18:00:00,2,5.457,4,10.232,43.254,0,0,0.78425,0
INC-001528,2024-07-09 21:00:00,1,41.62,4,4.396,29.588,0,0,0.88658,0
INC-001529,2024-07-10 00:00:00,1,18.062,5,6.274,18.008,0,0,0.60758,0
INC-001530,2024-07-10 03:00:00,5,34.425,3,6.193,15.135,0,0,0.95005,0
INC-001531,2024-07-10 06:00:00,1,9.045,7,2.556,15.799,0,0,0.54094,0
INC-001532,2024-07-10 09:00:00,1,25.339,5,7.373,12.793,0,1,0.89975,0
INC-001533,2024-07-10 12:00:00,5,3.857,3,2.734,12.286,0,0,0.62322,0
INC-001534,2024-07-10 15:00:00,1,25.791,4,3.821,38.941,0,0,0.7309,0
INC-001535,2024-07-10 18:00:00,5,23.823,7,1.579,21.213,1,0,0.80273,0
INC-001536,2024-07-10 21:00:00,1,10.358,5,8.235,13.011,0,0,0.86834,0
INC-001537,2024-07-11 00:00:00,1,8.784,4,9.487,19.309,0,0,0.79246,0
INC-001538,2024-07-11 03:00:00,1,15.311,3,6.436,13.752,0,1,0.77771,0
INC-001539,2024-07-11 06:00:00,4,21.503,4,5.22,3.707,0,0,0.93288,0
INC-001540,2024-07-11 09:00:00,4,9.591,4,3.689,29.853,0,0,0.84457,0
INC-001541,2024-07-11 12:00:00,3,3.817,6,8.38,40.662,1,1,0.56177,0
INC-001542,2024-07-11 15:00:00,2,9.558,5,14.07,35.836,0,0,0.75148,0
INC-001543,2024-07-11 18:00:00,1,13.734,4,2.993,34.326,0,0,0.81693,0
INC-001544,2024-07-11 21:00:00,3,15.881,1,4.478,7.342,0,0,0.81828,0
INC-001545,2024-07-12 00:00:00,2,21.471,4,2.467,46.836,1,0,0.92553,0
INC-001546,2024-07-12 03:00:00,3,29.316,4,5.244,11.819,0,0,0.83801,0
INC-001547,2024-07-12 06:00:00,4,49.583,5,3.957,6.258,0,1,0.66385,0
INC-001548,2024-07-12 09:00:00,5,15.887,4,4.704,1.822,0,1,0.65732,0
INC-001549,2024-07-12 12:00:00,3,26.024,5,8.458,23.241,1,0,0.53144,0
INC-001550,2024-07-12 15:00:00,1,6.256,5,10.09,47.631,1,1,0.86252,0
INC-001551,2024-07-12 18:00:00,2,5.835,1,2.238,43.164,1,0,0.80541,0
INC-001552,2024-07-12 21:00:00,5,30.306,5,6.163,19.816,1,0,0.71968,0
INC-001553,2024-07-13 00:00:00,3,9.73,4,12.157,38.124,0,0,0.78576,0
INC-001554,2024-07-13 03:00:00,4,30.239,8,7.087,72.797,0,0,0.4359,0
INC-001555,2024-07-13 06:00:00,3,3.388,6,2.606,14.454,1,0,0.46092,0
INC-001556,2024-07-13 09:00:00,1,37.729,3,9.798,27.278,0,0,0.88014,0
INC-001557,2024-07-13 12:00:00,5,5.369,4,7.421,48.263,0,1,0.99099,0
INC-001558,2024-07-13 15:00:00,4,34.824,4,6.946,6.461,0,0,0.74653,0
INC-001559,2024-07-13 18:00:00,5,9.811,3,4.401,7.031,0,0,0.74038,0
INC-001560,2024-07-13 21:00:00,5,24.959,3,6.668,53.529,0,0,0.92976,1
INC-001561,2024-07-14 00:00:00,2,16.616,6,24.952,38.867,0,0,0.71351,0
INC-001562,2024-07-14 03:00:00,2,13.863,4,1.467,10.921,0,0,0.6668,0
INC-001563,2024-07-14 06:00:00,2,11.545,4,3.812,8.108,0,0,0.88434,0
INC-001564,2024-07-14 09:00:00,5,23.072,1,4.067,7.23,0,0,0.83848,0
INC-001565,2024-07-14 12:00:00,3,45.247,4,1.13,22.695,1,0,0.81049,0
INC-001566,2024-07-14 15:00:00,3,29.384,8,17.665,11.106,1,0,0.82399,0
INC-001567,2024-07-14 18:00:00,5,10.703,2,2.48,11.308,1,0,0.79212,0
INC-001568,2024-07-14 21:00:00,4,21.611,4,2.385,7.262,0,0,0.74454,0
INC-001569,2024-07-15 00:00:00,5,7.045,5,1.805,20.325,1,0,0.71569,0
INC-001570,2024-07-15 03:00:00,5,8.704,9,3.787,6.456,1,0,0.57831,0
INC-001571,2024-07-15 06:00:00,1,12.6,4,6.934,30.241,0,1,0.68279,0
INC-001572,2024-07-15 09:00:00,2,11.406,8,4.993,44.103,0,0,0.79103,0
INC-001573,2024-07-15 12:00:00,4,12.462,3,2.719,23.448,0,0,0.79406,0
INC-001574,2024-07-15 15:00:00,5,19.31,6,6.686,38.74,0,0,0.89735,0
INC-001575,2024-07-15 18:00:00,1,23.709,4,5.036,17.367,1,0,0.95285,0
INC-001576,2024-07-15 21:00:00,2,18.851,6,11.239,9.827,0,0,0.80574,0
INC-001577,2024-07-16 00:00:00,3,34.997,4,3.258,14.573,0,0,0.64657,0
INC-001578,2024-07-16 03:00:00,4,49.515,3,3.063,4.388,0,0,0.56096,0
INC-001579,2024-07-16 06:00:00,1,35.673,4,8.75,11.82,1,0,0.68777,0
INC-001580,2024-07-16 09:00:00,4,22.077,4,2.43,16.715,1,0,0.78979,0
INC-001581,2024-07-16 12:00:00,2,14.409,4,1.781,19.676,0,1,0.75848,0
INC-001582,2024-07-16 15:00:00,2,42.759,3,4.933,39.578,1,0,0.57536,0
INC-001583,2024-07-16 18:00:00,3,18.942,4,7.091,49.483,0,0,0.80616,0
INC-001584,2024-07-16 21:00:00,3,24.716,3,1.711,22.749,0,0,0.79852,0
INC-001585,2024-07-17 00:00:00,4,35.889,6,9.4,7.818,0,0,0.93597,0
INC-001586,2024-07-17 03:00:00,2,11.146,4,1.622,7.744,1,0,0.81615,0
INC-001587,2024-07-17 06:00:00,5,4.779,3,3.382,12.001,1,0,0.56364,0
INC-001588,2024-07-17 09:00:00,1,20.211,5,5.028,10.342,1,0,0.80767,0
INC-001589,2024-07-17 12:00:00,5,23.985,5,11.973,23.124,1,0,0.9358,0
INC-001590,2024-07-17 15:00:00,1,16.395,3,12.461,8.21,0,0,0.93184,0
INC-001591,2024-07-17 18:00:00,4,49.728,5,5.69,50.314,0,0,0.6764,0
INC-001592,2024-07-17 21:00:00,2,15.493,7,3.772,35.35,0,0,0.8781,0
INC-001593,2024-07-18 00:00:00,2,36.083,2,3.93,40.577,0,0,0.84262,0
INC-001594,2024-07-18 03:00:00,1,17.957,4,16.544,11.537,0,0,0.73358,0
INC-001595,2024-07-18 06:00:00,4,5.7,7,10.652,8.207,0,0,0.8371,0
INC-001596,2024-07-18 09:00:00,1,4.885,3,6.506,10.983,0,0,0.86511,0
INC-001597,2024-07-18 12:00:00,4,38.025,4,5.816,20.791,0,1,0.76793,1
INC-001598,2024-07-18 15:00:00,4,18.501,4,5.461,19.145,0,0,0.79149,1
INC-001599,2024-07-18 18:00:00,5,13.282,5,1.457,46.898,1,0,0.67384,0
INC-001600,2024-07-18 21:00:00,4,19.812,3,1.063,52.787,0,0,0.94647,0
INC-001601,2024-07-19 00:00:00,2,12.332,5,4.33,21.641,1,0,0.78622,0
INC-001602,2024-07-19 03:00:00,4,28.983,1,2.262,5.519,0,1,0.68917,0
INC-001603,2024-07-19 06:00:00,5,24.322,6,5.867,15.356,1,0,0.60944,0
INC-001604,2024-07-19 09:00:00,2,11.452,7,5.575,95.202,0,1,0.94763,0
INC-001605,2024-07-19 12:00:00,1,24.121,4,1.773,5.835,0,0,0.7833,0
INC-001606,2024-07-19 15:00:00,5,36.411,7,5.949,23.816,0,1,0.57521,0
INC-001607,2024-07-19 18:00:00,1,24.527,4,6.181,10.924,0,0,0.59099,0
INC-001608,2024-07-19 21:00:00,3,4.784,4,6.066,67.804,1,1,0.65374,0
INC-001609,2024-07-20 00:00:00,2,12.009,3,3.302,25.396,0,1,0.7245,0
INC-001610,2024-07-20 03:00:00,1,15.314,3,6.884,11.018,0,0,0.72835,0
INC-001611,2024-07-20 06:00:00,4,6.53,3,7.189,13.57,0,0,0.78338,0
INC-001612,2024-07-20 09:00:00,1,6.225,5,6.844,2.974,0,0,0.79615,0
INC-001613,2024-07-20 12:00:00,4,40.781,4,4.198,23.553,0,0,0.75688,0
INC-001614,2024-07-20 15:00:00,4,6.449,4,13.076,24.084,0,0,0.91837,0
INC-001615,2024-07-20 18:00:00,1,7.967,6,11.313,5.754,0,0,0.91332,0
INC-001616,2024-07-20 21:00:00,1,4.505,5,5.276,29.96,0,0,0.56069,0
INC-001617,2024-07-21 00:00:00,4,29.674,5,3.114,52.308,0,0,0.89898,0
INC-001618,2024-07-21 03:00:00,3,9.509,4,2.881,7.041,0,0,0.59875,0
INC-001619,2024-07-21 06:00:00,1,22.238,4,7.298,29.48,1,0,0.65756,0
INC-001620,2024-07-21 09:00:00,5,27.399,3,2.073,30.01,0,0,0.89826,0
INC-001621,2024-07-21 12:00:00,2,14.847,4,7.653,21.729,0,0,0.80085,0
INC-001622,2024-07-21 15:00:00,1,7.747,2,1.906,22.823,1,0,0.83344,0
INC-001623,2024-07-21 18:00:00,5,38.247,5,4.711,13.153,1,0,0.5272,0
INC-001624,2024-07-21 21:00:00,1,5.328,2,7.265,2.841,1,0,0.74502,0
INC-001625,2024-07-22 00:00:00,3,37.118,6,2.968,24.973,0,0,0.80714,0
INC-001626,2024-07-22 03:00:00,5,28.835,3,9.307,34.976,1,0,0.89696,0
INC-001627,2024-07-22 06:00:00,3,6.955,7,3.881,8.714,0,0,0.81589,0
INC-001628,2024-07-22 09:00:00,3,9.595,9,5.018,11.12,1,1,0.72964,0
INC-001629,2024-07-22 12:00:00,2,10.213,8,1.359,10.018,0,0,0.67715,0
INC-001630,2024-07-22 15:00:00,1,21.613,4,1.881,26.318,0,0,0.78257,0
INC-001631,2024-07-22 18:00:00,3,11.849,4,8.187,23.705,1,1,0.73634,1
INC-001632,2024-07-22 21:00:00,5,6.104,5,3.762,9.224,1,1,0.82358,0
INC-001633,2024-07-23 00:00:00,1,17.948,2,9.939,18.761,1,0,0.54925,0
INC-001634,2024-07-23 03:00:00,5,36.634,3,1.215,19.243,1,0,0.76107,0
INC-001635,2024-07-23 06:00:00,3,6.879,4,6.692,25.297,1,0,0.84247,0
INC-001636,2024-07-23 09:00:00,3,25.835,6,1.361,14.35,0,0,0.87176,0
INC-001637,2024-07-23 12:00:00,1,18.769,6,2.755,41.889,0,0,0.65384,0
INC-001638,2024-07-23 15:00:00,4,43.371,7,4.663,25.54,0,0,0.72698,1
INC-001639,2024-07-23 18:00:00,1,6.391,4,3.687,41.392,0,0,0.8567,0
INC-001640,2024-07-23 21:00:00,2,15.458,1,6.088,25.07,1,0,0.70049,0
INC-001641,2024-07-24 00:00:00,4,27.582,1,3.307,26.684,1,1,0.97882,0
INC-001642,2024-07-24 03:00:00,1,5.003,8,4.318,4.727,0,0,0.73257,0
INC-001643,2024-07-24 06:00:00,3,7.521,4,2.45,23.678,1,1,0.71728,0
INC-001644,2024-07-24 09:00:00,3,6.721,6,7.539,18.423,1,0,0.8593,0
INC-001645,2024-07-24 12:00:00,1,4.824,8,5.435,44.369,1,1,0.88302,0
INC-001646,2024-07-24 15:00:00,2,19.702,4,6.648,40.157,0,0,0.82441,0
INC-001647,2024-07-24 18:00:00,2,6.708,5,4.919,47.538,0,0,0.86585,0
INC-001648,2024-07-24 21:00:00,4,5.614,5,8.464,11.351,0,0,0.81144,0
INC-001649,2024-07-25 00:00:00,5,20.727,5,3.354,19.481,1,0,0.70993,0
INC-001650,2024-07-25 03:00:00,5,17.556,5,5.248,50.602,1,0,0.8918,0
INC-001651,2024-07-25 06:00:00,1,7.499,6,27.046,11.102,1,0,0.63573,0
INC-001652,2024-07-25 09:00:00,1,34.644,6,2.204,44.569,0,0,0.93919,0
INC-001653,2024-07-25 12:00:00,1,37.369,5,10.321,41.293,0,1,0.43506,0
INC-001654,2024-07-25 15:00:00,3,7.318,2,19.378,18.993,1,0,0.80284,0
INC-001655,2024-07-25 18:00:00,1,18.65,4,7.095,59.276,0,0,0.85801,0
INC-001656,2024-07-25 21:00:00,2,54.447,4,1.13,42.508,1,1,0.82643,0
INC-001657,2024-07-26 00:00:00,5,9.129,6,2.274,6.531,1,0,0.9394,0
INC-001658,2024-07-26 03:00:00,5,42.032,4,6.148,53.304,1,0,0.94136,0
INC-001659,2024-07-26 06:00:00,5,12.806,4,4.973,19.031,1,0,0.89446,0
INC-001660,2024-07-26 09:00:00,2,8.952,5,13.472,26.284,0,0,0.9074,0
INC-001661,2024-07-26 12:00:00,4,17.063,4,13.769,26.381,0,0,0.90535,0
INC-001662,2024-07-26 15:00:00,4,23.141,3,4.719,31.072,0,0,0.94748,0
INC-001663,2024-07-26 18:00:00,1,21.79,4,4.964,51.339,1,1,0.64716,0
INC-001664,2024-07-26 21:00:00,3,6.435,6,3.508,26.029,1,0,0.83064,0
INC-001665,2024-07-27 00:00:00,3,29.079,5,6.874,18.03,0,0,0.71203,0
INC-001666,2024-07-27 03:00:00,2,12.805,8,2.675,8.968,0,0,0.64103,0
INC-001667,2024-07-27 06:00:00,4,16.725,4,4.593,13.709,0,1,0.64798,0
INC-001668,2024-07-27 09:00:00,4,33.282,6,2.805,40.554,0,0,0.92335,0
INC-001669,2024-07-27 12:00:00,3,40.966,4,5.873,46.589,1,0,0.73962,1
INC-001670,2024-07-27 15:00:00,4,23.868,5,9.896,15.011,0,0,0.94142,0
INC-001671,2024-07-27 18:00:00,4,11.138,4,1.928,35.371,0,0,0.80555,0
INC-001672,2024-07-27 21:00:00,3,40.564,7,4.391,12.766,0,0,0.77262,0
INC-001673,2024-07-28 00:00:00,2,5.538,3,12.035,3.621,1,0,0.92493,0
INC-001674,2024-07-28 03:00:00,4,6.379,4,14.494,5.588,0,0,0.93252,0
INC-001675,2024-07-28 06:00:00,4,4.962,4,3.536,43.089,0,0,0.63772,0
INC-001676,2024-07-28 09:00:00,5,8.545,4,2.897,3.837,0,0,0.79705,0
INC-001677,2024-07-28 12:00:00,1,23.873,5,1.086,33.29,0,0,0.76208,0
INC-001678,2024-07-28 15:00:00,3,30.561,7,10.638,24.586,0,0,0.69542,0
INC-001679,2024-07-28 18:00:00,5,12.392,2,10.18,44.893,1,1,0.77121,0
INC-001680,2024-07-28 21:00:00,3,38.488,5,5.438,22.645,1,0,0.56009,0
INC-001681,2024-07-29 00:00:00,5,4.367,2,20.832,28.849,0,0,0.45896,0
INC-001682,2024-07-29 03:00:00,1,23.785,7,4.985,24.138,0,0,0.68141,0
INC-001683,2024-07-29 06:00:00,1,8.499,4,10.865,26.512,0,0,0.789,0
INC-001684,2024-07-29 09:00:00,4,16.799,6,3.679,20.004,0,0,0.83944,0
INC-001685,2024-07-29 12:00:00,2,19.164,5,4.275,29.242,0,0,0.63933,0
INC-001686,2024-07-29 15:00:00,3,18.272,9,6.146,16.375,1,1,0.76291,0
INC-001687,2024-07-29 18:00:00,3,22.026,5,2.839,38.646,0,0,0.84916,0
INC-001688,2024-07-29 21:00:00,3,8.115,7,8.941,22.343,0,0,0.78029,0
INC-001689,2024-07-30 00:00:00,5,17.78,6,5.578,36.671,0,0,0.76075,0
INC-001690,2024-07-30 03:00:00,1,9.285,4,11.043,11.284,0,0,0.54355,0
INC-001691,2024-07-30 06:00:00,4,6.956,5,2.689,15.278,0,0,0.60354,0
INC-001692,2024-07-30 09:00:00,5,20.479,1,2.864,5.719,0,1,0.70166,0
INC-001693,2024-07-30 12:00:00,4,16.018,5,4.262,26.869,1,1,0.55804,0
INC-001694,2024-07-30 15:00:00,2,4.323,5,7.02,25.996,0,1,0.55092,0
INC-001695,2024-07-30 18:00:00,1,5.637,8,6.42,13.447,0,0,0.88762,0
INC-001696,2024-07-30 21:00:00,4,5.225,8,13.564,20.761,1,0,0.96588,0
INC-001697,2024-07-31 00:00:00,3,41.285,3,6.202,8.795,0,0,0.72922,0
INC-001698,2024-07-31 03:00:00,1,5.531,8,1.85,41.283,1,0,0.68401,0
INC-001699,2024-07-31 06:00:00,2,19.746,7,2.468,40.367,0,0,0.77884,0
INC-001700,2024-07-31 09:00:00,5,16.963,4,1.768,20.015,0,0,0.65545,0
INC-001701,2024-07-31 12:00:00,2,32.645,4,1.753,17.378,0,0,0.7148,0
INC-001702,2024-07-31 15:00:00,1,4.59,4,3.933,4.66,1,1,0.82694,0
INC-001703,2024-07-31 18:00:00,4,36.319,5,10.52,35.952,1,0,0.81525,0
INC-001704,2024-07-31 21:00:00,1,29.12,5,5.566,10.254,0,1,0.51672,0
INC-001705,2024-08-01 00:00:00,5,24.857,5,7.215,38.063,0,0,0.45301,0
INC-001706,2024-08-01 03:00:00,5,23.625,4,8.851,5.548,0,1,0.83043,0
INC-001707,2024-08-01 06:00:00,5,25.174,8,11.037,8.48,0,0,0.61893,0
INC-001708,2024-08-01 09:00:00,5,6.943,5,3.076,6.938,0,0,0.77999,0
INC-001709,2024-08-01 12:00:00,2,13.945,5,10.044,9.868,1,0,0.71746,0
INC-001710,2024-08-01 15:00:00,2,31.296,5,9.157,83.907,0,0,0.60846,0
INC-001711,2024-08-01 18:00:00,2,25.254,5,3.828,18.263,0,0,0.79205,0
INC-001712,2024-08-01 21:00:00,3,21.171,4,2.95,32.258,1,0,0.88875,0
INC-001713,2024-08-02 00:00:00,5,10.225,4,4.582,8.134,0,0,0.96439,0
INC-001714,2024-08-02 03:00:00,4,13.576,2,13.312,11.341,1,1,0.8222,0
INC-001715,2024-08-02 06:00:00,4,6.019,4,10.914,63.742,0,0,0.64901,0
INC-001716,2024-08-02 09:00:00,5,21.937,2,3.808,18.79,1,0,0.91774,0
INC-001717,2024-08-02 12:00:00,4,7.561,6,10.255,23.064,0,1,0.85935,0
INC-001718,2024-08-02 15:00:00,2,10.699,6,8.031,28.113,0,0,0.83257,0
INC-001719,2024-08-02 18:00:00,3,4.147,5,7.076,58.439,0,1,0.75684,0
INC-001720,2024-08-02 21:00:00,3,7.421,8,12.598,1.455,1,0,0.93421,0
INC-001721,2024-08-03 00:00:00,1,9.676,6,6.377,43.05,0,0,0.67219,0
INC-001722,2024-08-03 03:00:00,4,5.996,3,5.344,49.029,0,0,0.67294,0
INC-001723,2024-08-03 06:00:00,4,37.497,5,1.443,30.184,0,0,0.83324,0
INC-001724,2024-08-03 09:00:00,4,4.448,4,8.811,16.28,0,0,0.85613,0
INC-001725,2024-08-03 12:00:00,3,10.277,4,2.801,25.316,1,0,0.81235,0
INC-001726,2024-08-03 15:00:00,4,6.809,7,2.528,7.619,1,0,0.90489,0
INC-001727,2024-08-03 18:00:00,5,17.749,3,5.473,2.992,0,0,0.67185,0
INC-001728,2024-08-03 21:00:00,3,25.028,5,2.495,23.21,0,1,0.57829,0
INC-001729,2024-08-04 00:00:00,3,16.531,4,6.744,0.682,0,1,0.88856,0
INC-001730,2024-08-04 03:00:00,1,26.959,4,5.982,13.143,0,0,0.67473,0
INC-001731,2024-08-04 06:00:00,4,43.21,4,5.632,8.661,0,0,0.55777,0
INC-001732,2024-08-04 09:00:00,5,28.106,6,4.595,16.192,0,0,0.95542,0
INC-001733,2024-08-04 12:00:00,4,4.972,4,8.629,17.243,0,0,0.68601,0
INC-001734,2024-08-04 15:00:00,5,25.419,7,6.766,6.691,1,0,0.84332,0
INC-001735,2024-08-04 18:00:00,5,10.629,5,6.689,29.051,0,0,0.60075,0
INC-001736,2024-08-04 21:00:00,4,28.667,8,2.987,47.016,1,0,0.94474,0
INC-001737,2024-08-05 00:00:00,3,13.671,10,4.887,7.603,1,0,0.8999,0
INC-001738,2024-08-05 03:00:00,1,23.306,2,2.957,7.131,1,0,0.5664,0
INC-001739,2024-08-05 06:00:00,1,37.284,7,4.838,19.3,1,1,0.89274,0
INC-001740,2024-08-05 09:00:00,2,21.566,4,3.256,3.106,0,0,0.66546,0
INC-001741,2024-08-05 12:00:00,3,31.62,4,4.761,19.653,0,0,0.71354,0
INC-001742,2024-08-05 15:00:00,4,6.813,4,4.891,43.014,1,0,0.80185,0
INC-001743,2024-08-05 18:00:00,3,16.863,3,4.762,7.18,1,0,0.77981,0
INC-001744,2024-08-05 21:00:00,1,8.331,4,8.765,55.904,0,0,0.72556,0
INC-001745,2024-08-06 00:00:00,2,14.39,1,7.388,14.334,0,0,0.93253,0
INC-001746,2024-08-06 03:00:00,5,7.43,4,2.154,16.046,1,0,0.48845,0
INC-001747,2024-08-06 06:00:00,5,41.104,2,4.432,12.129,0,0,0.84422,0
INC-001748,2024-08-06 09:00:00,2,6.843,6,5.635,34.908,0,1,0.92205,0
INC-001749,2024-08-06 12:00:00,5,30.18,3,3.173,21.727,0,0,0.95345,0
INC-001750,2024-08-06 15:00:00,4,21.446,6,6.001,15.009,0,1,0.8098,0
INC-001751,2024-08-06 18:00:00,5,16.954,2,3.42,10.15,0,0,0.72482,0
INC-001752,2024-08-06 21:00:00,5,32.045,1,5.112,24.446,0,1,0.89222,1
INC-001753,2024-08-07 00:00:00,4,21.297,3,2.774,49.27,1,0,0.72823,0
INC-001754,2024-08-07 03:00:00,2,26.432,8,4.751,16.1,0,0,0.82454,0
INC-001755,2024-08-07 06:00:00,4,43.085,2,7.518,21.274,1,0,0.62305,0
INC-001756,2024-08-07 09:00:00,2,11.832,5,8.211,4.762,0,0,0.91329,0
INC-001757,2024-08-07 12:00:00,2,23.481,5,5.181,21.074,1,1,0.72559,0
INC-001758,2024-08-07 15:00:00,4,5.004,5,17.171,84.649,0,0,0.63679,0
INC-001759,2024-08-07 18:00:00,3,12.334,7,6.4,6.394,0,0,0.81258,0
INC-001760,2024-08-07 21:00:00,3,11.499,5,8.375,25.967,0,0,0.84616,0
INC-001761,2024-08-08 00:00:00,2,43.593,4,11.362,12.765,0,0,0.82629,0
INC-001762,2024-08-08 03:00:00,3,24.074,3,3.218,4.411,0,0,0.7637,0
INC-001763,2024-08-08 06:00:00,1,10.595,4,7.474,14.223,0,1,0.85771,0
INC-001764,2024-08-08 09:00:00,4,8.737,4,5.966,72.084,1,0,0.4928,0
INC-001765,2024-08-08 12:00:00,3,16.571,5,7.653,25.659,0,1,0.87564,0
INC-001766,2024-08-08 15:00:00,5,25.823,8,9.613,23.655,1,0,0.68237,0
INC-001767,2024-08-08 18:00:00,3,8.789,5,2.892,7.02,0,0,0.76691,0
INC-001768,2024-08-08 21:00:00,3,37.517,6,16.712,40.556,0,0,0.56509,0
INC-001769,2024-08-09 00:00:00,1,5.931,4,5.343,51.605,1,0,0.85536,0
INC-001770,2024-08-09 03:00:00,1,5.299,3,4.172,50.26,0,0,0.74288,0
INC-001771,2024-08-09 06:00:00,2,9.378,2,1.325,38.666,1,0,0.69143,0
INC-001772,2024-08-09 09:00:00,2,46.079,3,10.878,9.326,0,0,0.75972,0
INC-001773,2024-08-09 12:00:00,2,11.6,7,9.188,7.453,0,0,0.7986,0
INC-001774,2024-08-09 15:00:00,2,15.88,4,4.549,2.652,1,0,0.80557,0
INC-001775,2024-08-09 18:00:00,4,36.32,6,1.631,8.213,0,0,0.49861,0
INC-001776,2024-08-09 21:00:00,1,16.383,6,5.495,25.015,0,0,0.61293,0
INC-001777,2024-08-10 00:00:00,2,39.765,6,2.041,8.106,0,0,0.88996,0
INC-001778,2024-08-10 03:00:00,1,8.643,5,10.164,41.92,1,0,0.94945,0
INC-001779,2024-08-10 06:00:00,2,32.287,2,4.459,46.448,0,0,0.91294,0
INC-001780,2024-08-10 09:00:00,4,19.506,1,2.749,44.664,0,0,0.67136,0
INC-001781,2024-08-10 12:00:00,1,3.734,3,6.127,3.552,0,0,0.85916,0
INC-001782,2024-08-10 15:00:00,2,19.801,3,6.725,23.696,0,0,0.74638,0
INC-001783,2024-08-10 18:00:00,1,11.42,5,7.256,21.69,1,0,0.90926,0
INC-001784,2024-08-10 21:00:00,5,14.994,2,2.86,43.827,1,0,0.68516,0
INC-001785,2024-08-11 00:00:00,4,8.626,5,9.573,4.56,1,0,0.63887,0
INC-001786,2024-08-11 03:00:00,2,34.313,6,4.533,21.485,1,0,0.80595,0
INC-001787,2024-08-11 06:00:00,1,47.131,2,1.454,4.44,1,0,0.84572,0
INC-001788,2024-08-11 09:00:00,1,8.449,6,4.887,39.487,0,0,0.9533,0
INC-001789,2024-08-11 12:00:00,3,29.572,3,4.847,1.256,0,0,0.87133,0
INC-001790,2024-08-11 15:00:00,4,13.087,6,4.79,71.023,0,1,0.727,0
INC-001791,2024-08-11 18:00:00,3,11.134,5,6.215,29.444,0,1,0.71582,0
INC-001792,2024-08-11 21:00:00,5,20.559,2,14.421,19.244,1,0,0.86547,0
INC-001793,2024-08-12 00:00:00,2,17.939,4,4.985,11.421,0,0,0.83849,0
INC-001794,2024-08-12 03:00:00,2,14.093,5,5.393,45.21,0,0,0.79562,0
INC-001795,2024-08-12 06:00:00,3,35.02,1,3.618,4.675,1,0,0.70731,0
INC-001796,2024-08-12 09:00:00,2,20.331,5,4.979,1.23,0,0,0.68846,0
INC-001797,2024-08-12 12:00:00,5,29.48,3,7.369,28.284,1,1,0.82323,0
INC-001798,2024-08-12 15:00:00,1,20.335,3,7.483,18.159,1,0,0.83052,0
INC-001799,2024-08-12 18:00:00,3,11.497,9,11.961,24.977,0,0,0.88795,0
INC-001800,2024-08-12 21:00:00,3,22.243,4,1.597,22.369,1,0,0.71541,0
INC-001801,2024-08-13 00:00:00,1,17.201,4,8.91,31.27,0,0,0.78164,0
INC-001802,2024-08-13 03:00:00,3,40.769,4,8.066,19.319,0,0,0.89607,0
INC-001803,2024-08-13 06:00:00,3,32.708,3,1.918,14.16,1,1,0.98344,0
INC-001804,2024-08-13 09:00:00,2,52.64,8,11.796,19.825,0,0,0.75232,0
INC-001805,2024-08-13 12:00:00,1,42.911,5,2.136,34.927,0,0,0.86406,0
INC-001806,2024-08-13 15:00:00,1,11.421,5,7.508,36.709,0,0,0.64696,0
INC-001807,2024-08-13 18:00:00,1,7.774,8,1.484,25.827,0,0,0.74732,0
INC-001808,2024-08-13 21:00:00,3,5.347,6,2.752,1.886,1,0,0.79143,0
INC-001809,2024-08-14 00:00:00,1,9.087,6,7.657,23.72,0,0,0.63352,0
INC-001810,2024-08-14 03:00:00,5,20.654,3,7.869,3.837,0,0,0.64958,0
INC-001811,2024-08-14 06:00:00,2,18.587,2,4.681,38.017,1,1,0.85166,0
INC-001812,2024-08-14 09:00:00,4,6.345,4,12.54,34.497,0,0,0.58166,0
INC-001813,2024-08-14 12:00:00,4,19.075,7,7.545,8.875,0,1,0.67969,0
INC-001814,2024-08-14 15:00:00,3,19.074,7,9.752,30.516,0,0,0.83596,0
INC-001815,2024-08-14 18:00:00,5,18.189,6,4.823,20.925,1,0,0.78809,0
INC-001816,2024-08-14 21:00:00,1,9.818,5,2.519,10.491,0,0,0.89736,0
INC-001817,2024-08-15 00:00:00,2,38.963,4,2.504,30.094,0,0,0.57822,0
INC-001818,2024-08-15 03:00:00,2,12.851,3,4.153,54.337,0,1,0.76073,0
INC-001819,2024-08-15 06:00:00,1,13.825,4,2.837,13.684,0,0,0.87258,0
INC-001820,2024-08-15 09:00:00,2,7.104,3,2.72,26.076,1,0,0.61446,0
INC-001821,2024-08-15 12:00:00,2,52.778,6,1.764,8.309,1,0,0.8064,0
INC-001822,2024-08-15 15:00:00,4,21.438,6,4.337,11.389,0,0,0.53096,0
INC-001823,2024-08-15 18:00:00,2,11.559,5,1.746,20.042,0,1,0.55196,0
INC-001824,2024-08-15 21:00:00,5,17.358,6,4.279,10.064,0,1,0.6829,0
INC-001825,2024-08-16 00:00:00,4,24.025,5,1.557,9.473,0,0,0.96422,0
INC-001826,2024-08-16 03:00:00,5,16.752,6,4.019,7.167,0,0,0.74923,0
INC-001827,2024-08-16 06:00:00,1,28.094,7,7.383,46.3,0,0,0.65683,0
INC-001828,2024-08-16 09:00:00,5,9.879,4,2.78,35.44,0,1,0.85867,0
INC-001829,2024-08-16 12:00:00,4,11.478,5,6.292,19.581,1,0,0.61082,0
INC-001830,2024-08-16 15:00:00,5,21.579,2,6.021,37.217,0,0,0.58509,0
INC-001831,2024-08-16 18:00:00,2,40.696,2,3.286,39.337,0,0,0.76709,0
INC-001832,2024-08-16 21:00:00,5,12.006,4,1.712,17.18,0,1,0.605,0
INC-001833,2024-08-17 00:00:00,3,17.427,2,8.965,7.907,0,0,0.58984,0
INC-001834,2024-08-17 03:00:00,1,25.056,3,3.272,26.246,0,0,0.74737,0
INC-001835,2024-08-17 06:00:00,3,12.518,4,13.657,46.616,0,0,0.7043,0
INC-001836,2024-08-17 09:00:00,1,5.158,3,8.672,33.36,1,0,0.95494,0
INC-001837,2024-08-17 12:00:00,5,63.274,10,7.719,52.743,0,0,0.886,1
INC-001838,2024-08-17 15:00:00,2,7.973,1,2.135,38.972,0,1,0.81732,0
INC-001839,2024-08-17 18:00:00,2,20.958,6,7.753,76.428,0,0,0.65013,0
INC-001840,2024-08-17 21:00:00,3,9.286,5,10.517,27.436,0,1,0.64014,0
INC-001841,2024-08-18 00:00:00,3,15.311,4,5.452,15.678,1,0,0.76214,0
INC-001842,2024-08-18 03:00:00,1,17.011,2,6.366,35.035,0,1,0.95113,0
INC-001843,2024-08-18 06:00:00,5,8.6,8,7.423,47.939,1,0,0.46342,0
INC-001844,2024-08-18 09:00:00,5,8.254,5,11.316,23.87,0,0,0.56372,0
INC-001845,2024-08-18 12:00:00,4,11.356,3,6.758,39.574,0,0,0.82423,0
INC-001846,2024-08-18 15:00:00,4,15.272,8,7.269,14.366,0,1,0.38633,0
INC-001847,2024-08-18 18:00:00,3,33.806,4,6.16,38.837,0,0,0.6256,0
INC-001848,2024-08-18 21:00:00,3,8.031,5,13.935,100.269,0,0,0.73708,1
INC-001849,2024-08-19 00:00:00,3,14.2,9,5.555,14.483,0,0,0.51424,0
INC-001850,2024-08-19 03:00:00,1,11.254,7,7.238,25.054,0,0,0.66536,0
INC-001851,2024-08-19 06:00:00,1,18.572,4,11.776,31.87,1,0,0.94897,0
INC-001852,2024-08-19 09:00:00,2,34.863,3,3.867,18.827,0,0,0.76985,0
INC-001853,2024-08-19 12:00:00,3,24.798,5,15.645,15.275,0,0,0.5174,0
INC-001854,2024-08-19 15:00:00,1,12.406,5,3.621,21.536,1,0,0.93584,0
INC-001855,2024-08-19 18:00:00,1,25.352,5,2.822,43.659,0,0,0.89176,0
INC-001856,2024-08-19 21:00:00,5,6.307,6,7.385,4.886,0,0,0.61493,0
INC-001857,2024-08-20 00:00:00,2,12.341,2,3.506,9.743,0,1,0.50589,0
INC-001858,2024-08-20 03:00:00,3,26.145,5,13.521,18.392,0,0,0.74696,0
INC-001859,2024-08-20 06:00:00,3,23.933,4,18.965,40.348,0,0,0.785,0
INC-001860,2024-08-20 09:00:00,4,13.569,6,2.889,21.403,0,0,0.66526,0
INC-001861,2024-08-20 12:00:00,4,12.514,7,2.726,12.353,1,1,0.79645,0
INC-001862,2024-08-20 15:00:00,2,5.806,1,2.651,56.367,0,1,0.69964,0
INC-001863,2024-08-20 18:00:00,5,22.236,4,1.5,24.528,1,0,0.80968,0
INC-001864,2024-08-20 21:00:00,2,6.5,2,3.447,15.044,0,1,0.74241,0
INC-001865,2024-08-21 00:00:00,5,8.398,6,10.234,31.522,0,0,0.84764,0
INC-001866,2024-08-21 03:00:00,3,21.159,3,7.641,30.449,0,1,0.74544,0
INC-001867,2024-08-21 06:00:00,1,50.024,3,4.583,25.017,0,1,0.68547,0
INC-001868,2024-08-21 09:00:00,4,20.64,4,7.066,11.731,0,0,0.82586,0
INC-001869,2024-08-21 12:00:00,1,16.774,4,2.245,39.804,0,1,0.92054,0
INC-001870,2024-08-21 15:00:00,4,5.224,5,5.552,62.996,0,0,0.95847,0
INC-001871,2024-08-21 18:00:00,1,11.177,7,6.244,28.045,0,0,0.74639,0
INC-001872,2024-08-21 21:00:00,2,55.159,4,5.992,5.658,0,1,0.78117,0
INC-001873,2024-08-22 00:00:00,4,17.313,1,3.382,84.183,0,0,0.97111,0
INC-001874,2024-08-22 03:00:00,5,33.762,5,3.301,31.332,0,0,0.798,1
INC-001875,2024-08-22 06:00:00,3,20.53,4,8.122,8.751,0,0,0.79996,0
INC-001876,2024-08-22 09:00:00,1,20.015,9,7.787,38.408,0,0,0.55323,0
INC-001877,2024-08-22 12:00:00,2,34.503,5,1.539,46.763,0,0,0.61067,0
INC-001878,2024-08-22 15:00:00,5,25.917,3,1.529,22.049,0,1,0.46861,0
INC-001879,2024-08-22 18:00:00,4,43.858,3,18.021,3.953,1,1,0.90074,0
INC-001880,2024-08-22 21:00:00,1,21.118,6,6.383,25.925,1,1,0.59609,0
INC-001881,2024-08-23 00:00:00,2,9.062,5,6.01,8.514,0,0,0.50517,0
INC-001882,2024-08-23 03:00:00,2,9.939,6,2.973,32.056,0,1,0.8469,0
INC-001883,2024-08-23 06:00:00,1,9.468,8,4.232,12.154,1,0,0.7175,0
INC-001884,2024-08-23 09:00:00,5,18.871,4,3.569,29.498,0,0,0.64889,0
INC-001885,2024-08-23 12:00:00,4,46.819,3,10.298,15.484,0,0,0.77401,0
INC-001886,2024-08-23 15:00:00,1,5.35,4,9.986,26.817,0,0,0.71542,0
INC-001887,2024-08-23 18:00:00,4,16.793,6,6.458,39.175,0,0,0.64127,0
INC-001888,2024-08-23 21:00:00,3,14.953,6,5.818,39.937,0,0,0.58825,0
INC-001889,2024-08-24 00:00:00,1,9.362,6,7.219,10.796,0,1,0.82364,0
INC-001890,2024-08-24 03:00:00,3,15.31,5,5.765,17.021,0,0,0.8201,0
INC-001891,2024-08-24 06:00:00,1,37.417,3,8.137,17.651,0,1,0.91691,0
INC-001892,2024-08-24 09:00:00,2,31.682,2,12.53,25.606,0,0,0.73205,0
INC-001893,2024-08-24 12:00:00,5,44.973,4,5.055,49.005,0,0,0.78741,0
INC-001894,2024-08-24 15:00:00,4,14.874,2,3.013,19.332,0,0,0.85056,0
INC-001895,2024-08-24 18:00:00,1,27.808,5,5.863,29.842,0,1,0.92275,0
INC-001896,2024-08-24 21:00:00,5,8.862,5,3.68,18.607,0,0,0.78595,0
INC-001897,2024-08-25 00:00:00,3,23.497,4,2.549,12.217,1,0,0.83021,0
INC-001898,2024-08-25 03:00:00,5,6.31,5,11.396,5.261,0,1,0.72472,0
INC-001899,2024-08-25 06:00:00,4,27.643,7,5.653,14.747,0,0,0.58694,0
INC-001900,2024-08-25 09:00:00,2,57.746,3,4.22,7.377,0,1,0.75131,0
INC-001901,2024-08-25 12:00:00,3,11.058,3,6.232,7.772,0,0,0.8602,0
INC-001902,2024-08-25 15:00:00,3,6.653,4,3.866,27.212,0,0,0.64259,0
INC-001903,2024-08-25 18:00:00,4,63.031,5,11.63,29.583,0,0,0.47023,1
INC-001904,2024-08-25 21:00:00,2,35.031,5,17.905,41.184,1,0,0.64261,0
INC-001905,2024-08-26 00:00:00,2,17.68,4,4.005,3.192,0,0,0.88845,0
INC-001906,2024-08-26 03:00:00,2,42.607,9,4.905,36.508,0,0,0.81022,0
INC-001907,2024-08-26 06:00:00,2,32.987,5,6.787,1.052,1,1,0.47456,1
INC-001908,2024-08-26 09:00:00,1,13.443,6,2.4,12.281,0,0,0.85295,0
INC-001909,2024-08-26 12:00:00,1,8.518,6,1.636,18.659,0,1,0.90904,0
INC-001910,2024-08-26 15:00:00,5,33.51,4,10.79,12.22,0,0,0.50137,0
INC-001911,2024-08-26 18:00:00,1,6.905,4,4.165,20.894,0,0,0.86296,0
INC-001912,2024-08-26 21:00:00,5,11.207,7,3.937,24.375,0,0,0.69281,0
INC-001913,2024-08-27 00:00:00,1,50.265,3,7.097,0.723,1,0,0.51225,0
INC-001914,2024-08-27 03:00:00,4,9.396,2,3.017,30.259,0,0,0.87736,0
INC-001915,2024-08-27 06:00:00,2,19.595,3,3.884,13.899,0,1,0.9049,0
INC-001916,2024-08-27 09:00:00,3,45.452,5,2.429,35.566,0,0,0.85649,0
INC-001917,2024-08-27 12:00:00,2,5.115,1,1.767,36.492,0,0,0.91751,0
INC-001918,2024-08-27 15:00:00,3,37.234,1,3.847,22.72,1,0,0.8312,0
INC-001919,2024-08-27 18:00:00,3,5.087,4,3.001,39.902,0,0,0.9256,0
INC-001920,2024-08-27 21:00:00,3,13.352,4,2.775,9.895,0,0,0.61604,0
INC-001921,2024-08-28 00:00:00,2,6.617,8,5.454,12.442,0,0,0.58489,0
INC-001922,2024-08-28 03:00:00,3,17.747,1,8.747,3.076,1,0,0.85225,0
INC-001923,2024-08-28 06:00:00,5,14.514,8,8.852,31.033,0,0,0.49171,0
INC-001924,2024-08-28 09:00:00,3,6.066,5,8.62,21.188,0,1,0.65416,0
INC-001925,2024-08-28 12:00:00,2,23.214,4,3.284,18.49,1,0,0.94548,0
INC-001926,2024-08-28 15:00:00,1,6.991,4,5.109,17.569,0,0,0.94785,0
INC-001927,2024-08-28 18:00:00,2,27.463,5,3.751,15.583,0,0,0.71646,0
INC-001928,2024-08-28 21:00:00,1,10.023,2,3.31,7.829,0,0,0.88997,0
INC-001929,2024-08-29 00:00:00,1,24.801,9,3.439,6.38,1,0,0.69898,0
INC-001930,2024-08-29 03:00:00,5,5.296,7,2.648,63.293,1,0,0.73557,0
INC-001931,2024-08-29 06:00:00,1,16.06,6,6.298,28.974,1,1,0.59269,0
INC-001932,2024-08-29 09:00:00,3,10.495,4,10.432,18.085,0,0,0.80825,0
INC-001933,2024-08-29 12:00:00,5,12.277,5,3.698,16.32,1,1,0.82229,0
INC-001934,2024-08-29 15:00:00,5,21.976,7,3.456,26.665,0,0,0.93376,0
INC-001935,2024-08-29 18:00:00,1,7.148,8,1.635,45.47,0,0,0.7104,0
INC-001936,2024-08-29 21:00:00,1,4.31,1,7.774,23.122,1,0,0.79413,0
INC-001937,2024-08-30 00:00:00,2,4.192,3,1.511,79.268,1,0,0.64017,0
INC-001938,2024-08-30 03:00:00,3,13.756,5,5.631,31.89,1,0,0.80921,0
INC-001939,2024-08-30 06:00:00,5,31.311,6,3.123,13.956,0,1,0.8993,0
INC-001940,2024-08-30 09:00:00,2,29.273,4,4.496,6.247,0,1,0.83621,0
INC-001941,2024-08-30 12:00:00,1,37.775,4,5.841,43.882,1,1,0.66243,0
INC-001942,2024-08-30 15:00:00,2,13.732,2,5.616,8.902,1,0,0.62593,0
INC-001943,2024-08-30 18:00:00,5,51.954,2,9.629,35.672,0,1,0.52956,0
INC-001944,2024-08-30 21:00:00,1,44.422,4,1.539,27.083,0,1,0.58685,0
INC-001945,2024-08-31 00:00:00,2,43.573,5,8.893,4.968,0,0,0.90222,0
INC-001946,2024-08-31 03:00:00,1,9.735,4,6.006,26.193,0,0,0.8214,0
INC-001947,2024-08-31 06:00:00,1,38.93,3,10.287,29.93,0,0,0.65546,0
INC-001948,2024-08-31 09:00:00,5,21.968,4,5.387,15.767,1,0,0.89115,0
INC-001949,2024-08-31 12:00:00,1,12.597,2,2.115,14.991,0,0,0.73793,0
INC-001950,2024-08-31 15:00:00,2,42.334,3,4.906,16.53,1,1,0.93182,0
INC-001951,2024-08-31 18:00:00,5,7.232,4,7.634,43.128,0,1,0.95304,0
INC-001952,2024-08-31 21:00:00,4,6.95,8,8.529,14.337,0,1,0.70491,0
INC-001953,2024-09-01 00:00:00,1,26.365,10,5.017,3.401,0,0,0.90084,0
INC-001954,2024-09-01 03:00:00,3,7.538,4,4.635,21.272,0,0,0.82815,0
INC-001955,2024-09-01 06:00:00,5,14.381,7,5.946,2.915,1,0,0.61384,0
INC-001956,2024-09-01 09:00:00,3,12.687,4,9.443,25.608,0,0,0.71346,0
INC-001957,2024-09-01 12:00:00,3,28.012,9,3.929,8.25,1,0,0.7653,0
INC-001958,2024-09-01 15:00:00,3,48.167,5,6.847,17.359,0,1,0.77011,0
INC-001959,2024-09-01 18:00:00,4,25.453,5,21.28,8.38,1,0,0.61243,0
INC-001960,2024-09-01 21:00:00,1,15.167,10,9.41,53.698,0,1,0.73274,0
INC-001961,2024-09-02 00:00:00,5,14.681,6,4.55,26.928,0,0,0.99488,0
INC-001962,2024-09-02 03:00:00,5,15.716,6,2.432,7.947,0,0,0.87962,0
INC-001963,2024-09-02 06:00:00,1,18.846,2,6.62,22.992,0,0,0.57879,0
INC-001964,2024-09-02 09:00:00,5,5.896,7,12.744,6.604,0,0,0.68782,0
INC-001965,2024-09-02 12:00:00,5,12.25,7,5.031,17.153,1,1,0.7106,0
INC-001966,2024-09-02 15:00:00,4,9.035,2,10.126,45.427,1,0,0.75516,0
INC-001967,2024-09-02 18:00:00,2,11.96,4,9.614,27.292,0,0,0.76058,0
INC-001968,2024-09-02 21:00:00,3,23.217,4,5.388,8.862,0,1,0.89941,0
INC-001969,2024-09-03 00:00:00,5,21.794,5,9.066,5.513,0,0,0.95331,0
INC-001970,2024-09-03 03:00:00,1,44.25,7,2.589,30.097,1,0,0.75091,0
INC-001971,2024-09-03 06:00:00,5,29.142,4,4.707,60.461,1,1,0.66676,0
INC-001972,2024-09-03 09:00:00,5,4.429,4,7.12,17.959,0,0,0.93138,0
INC-001973,2024-09-03 12:00:00,4,23.054,4,5.308,43.891,0,0,0.85246,0
INC-001974,2024-09-03 15:00:00,2,38.772,1,2.742,27.644,0,0,0.97133,0
INC-001975,2024-09-03 18:00:00,3,27.518,5,9.076,29.771,0,0,0.74299,0
INC-001976,2024-09-03 21:00:00,1,29.273,4,7.066,6.439,0,0,0.783,0
INC-001977,2024-09-04 00:00:00,5,28.366,5,6.0,17.046,0,0,0.57676,0
INC-001978,2024-09-04 03:00:00,2,33.596,2,11.528,18.035,1,0,0.81828,0
INC-001979,2024-09-04 06:00:00,1,21.688,4,9.2,1.879,0,0,0.79299,0
INC-001980,2024-09-04 09:00:00,4,21.806,1,1.41,11.389,1,0,0.55895,0
INC-001981,2024-09-04 12:00:00,4,31.806,6,6.068,12.541,1,0,0.83747,0
INC-001982,2024-09-04 15:00:00,4,12.438,5,5.949,8.687,0,0,0.56807,0
INC-001983,2024-09-04 18:00:00,1,10.584,3,4.305,16.519,0,0,0.80796,0
INC-001984,2024-09-04 21:00:00,4,18.197,3,1.567,34.437,0,1,0.91679,0
INC-001985,2024-09-05 00:00:00,4,15.051,3,3.243,35.176,1,0,0.92364,0
INC-001986,2024-09-05 03:00:00,4,36.072,10,1.462,49.441,0,0,0.81587,0
INC-001987,2024-09-05 06:00:00,5,50.641,4,18.19,38.777,1,0,0.75405,1
INC-001988,2024-09-05 09:00:00,2,8.965,6,5.333,24.362,1,0,0.69096,0
INC-001989,2024-09-05 12:00:00,2,4.538,4,7.379,50.503,0,0,0.70986,0
INC-001990,2024-09-05 15:00:00,5,9.69,5,2.727,13.392,0,0,0.90445,0
INC-001991,2024-09-05 18:00:00,3,9.497,2,1.633,19.443,0,0,0.96799,0
INC-001992,2024-09-05 21:00:00,3,47.674,7,4.119,63.611,0,0,0.70023,0
INC-001993,2024-09-06 00:00:00,2,38.359,8,3.765,13.04,0,0,0.80203,0
INC-001994,2024-09-06 03:00:00,4,8.244,5,6.283,1.382,1,0,0.82101,0
INC-001995,2024-09-06 06:00:00,4,37.398,4,4.238,5.653,0,0,0.86146,0
INC-001996,2024-09-06 09:00:00,1,12.027,4,20.808,17.837,0,0,0.86025,0
INC-001997,2024-09-06 12:00:00,3,10.259,2,10.439,8.607,1,0,0.93577,0
INC-001998,2024-09-06 15:00:00,5,10.259,7,13.467,5.079,0,0,0.93484,0
INC-001999,2024-09-06 18:00:00,2,38.697,10,5.361,35.816,0,1,0.72961,0
INC-002000,2024-09-06 21:00:00,2,14.528,6,6.21,27.69,0,0,0.87222,0
INC-002001,2024-09-07 00:00:00,5,16.678,4,12.676,2.061,1,0,0.73391,0
INC-002002,2024-09-07 03:00:00,1,32.472,6,4.036,41.0,0,0,0.77245,0
INC-002003,2024-09-07 06:00:00,2,8.187,4,7.144,75.04,0,0,0.92781,0
INC-002004,2024-09-07 09:00:00,3,9.765,4,4.244,11.207,1,0,0.73101,0
INC-002005,2024-09-07 12:00:00,4,5.974,9,7.407,28.091,1,1,0.59313,0
INC-002006,2024-09-07 15:00:00,1,9.961,6,2.294,7.669,0,0,0.59705,0
INC-002007,2024-09-07 18:00:00,3,16.908,5,3.66,22.136,0,0,0.91317,0
INC-002008,2024-09-07 21:00:00,1,13.528,8,6.302,28.766,0,0,0.9121,0
INC-002009,2024-09-08 00:00:00,4,43.281,7,6.796,17.912,0,0,0.54188,0
INC-002010,2024-09-08 03:00:00,4,23.343,6,8.54,9.786,1,0,0.67792,0
INC-002011,2024-09-08 06:00:00,3,4.872,2,2.538,12.911,0,1,0.80894,0
INC-002012,2024-09-08 09:00:00,2,7.871,4,6.144,2.761,1,0,0.59993,0
INC-002013,2024-09-08 12:00:00,1,33.3,6,1.977,20.287,1,0,0.65598,0
INC-002014,2024-09-08 15:00:00,5,16.814,7,4.405,56.952,0,1,0.82087,0
INC-002015,2024-09-08 18:00:00,4,33.278,3,5.486,5.627,0,0,0.80669,0
INC-002016,2024-09-08 21:00:00,2,16.47,3,4.971,49.188,0,0,0.71814,0
INC-002017,2024-09-09 00:00:00,3,23.323,6,14.612,15.402,0,0,0.688,0
INC-002018,2024-09-09 03:00:00,4,9.983,4,5.521,2.687,1,0,0.81053,0
INC-002019,2024-09-09 06:00:00,4,23.446,7,7.776,36.158,1,0,0.82891,0
INC-002020,2024-09-09 09:00:00,3,4.885,7,6.323,20.512,0,1,0.82673,0
INC-002021,2024-09-09 12:00:00,2,39.354,7,5.296,7.064,1,0,0.93569,0
INC-002022,2024-09-09 15:00:00,4,24.807,3,7.416,10.265,1,0,0.81092,0
INC-002023,2024-09-09 18:00:00,4,22.707,7,5.963,12.347,0,0,0.74419,0
INC-002024,2024-09-09 21:00:00,3,8.377,5,5.637,17.16,1,0,0.76367,0
INC-002025,2024-09-10 00:00:00,1,23.762,5,4.671,22.076,0,0,0.54898,0
INC-002026,2024-09-10 03:00:00,3,15.611,1,4.05,22.694,1,1,0.85534,0
INC-002027,2024-09-10 06:00:00,4,10.018,4,3.708,33.629,1,0,0.98882,0
INC-002028,2024-09-10 09:00:00,5,21.942,3,5.646,19.91,0,0,0.81337,0
INC-002029,2024-09-10 12:00:00,3,7.359,7,5.393,25.218,0,0,0.61256,0
INC-002030,2024-09-10 15:00:00,2,13.604,8,12.449,20.54,1,0,0.89136,0
INC-002031,2024-09-10 18:00:00,3,4.938,2,2.181,0.603,0,0,0.74852,0
INC-002032,2024-09-10 21:00:00,1,38.173,7,15.366,5.881,0,0,0.6226,0
INC-002033,2024-09-11 00:00:00,1,17.8,4,2.591,7.623,0,1,0.96397,0
INC-002034,2024-09-11 03:00:00,4,14.442,3,5.264,19.258,0,0,0.97618,0
INC-002035,2024-09-11 06:00:00,5,24.135,2,6.858,20.634,0,0,0.49026,0
INC-002036,2024-09-11 09:00:00,5,33.473,3,2.927,15.675,0,0,0.88153,0
INC-002037,2024-09-11 12:00:00,3,9.428,3,2.56,28.219,1,0,0.8919,0
INC-002038,2024-09-11 15:00:00,1,30.223,5,4.896,31.207,1,0,0.89467,0
INC-002039,2024-09-11 18:00:00,5,8.405,9,7.918,17.024,1,0,0.61195,0
INC-002040,2024-09-11 21:00:00,3,25.406,3,9.32,34.042,0,0,0.84231,0
INC-002041,2024-09-12 00:00:00,2,6.839,3,2.364,15.041,0,1,0.87963,0
INC-002042,2024-09-12 03:00:00,5,36.418,4,4.769,24.097,0,0,0.68334,0
INC-002043,2024-09-12 06:00:00,4,8.481,4,1.854,1.174,0,0,0.50566,0
INC-002044,2024-09-12 09:00:00,4,29.233,6,2.973,17.239,1,0,0.80141,0
INC-002045,2024-09-12 12:00:00,2,11.509,7,11.026,35.016,0,0,0.87325,0
INC-002046,2024-09-12 15:00:00,5,48.229,5,6.617,19.429,1,0,0.67373,0
INC-002047,2024-09-12 18:00:00,3,7.771,4,3.126,7.255,1,0,0.59213,0
INC-002048,2024-09-12 21:00:00,3,9.87,5,10.362,22.88,0,1,0.6573,0
INC-002049,2024-09-13 00:00:00,4,12.423,6,3.402,15.614,1,0,0.91533,0
INC-002050,2024-09-13 03:00:00,4,7.362,1,5.199,24.809,1,0,0.63615,0
INC-002051,2024-09-13 06:00:00,1,29.08,4,1.711,9.797,0,0,0.59603,0
INC-002052,2024-09-13 09:00:00,2,9.495,8,3.136,16.55,0,0,0.6517,0
INC-002053,2024-09-13 12:00:00,2,30.444,6,6.234,6.893,1,0,0.81382,0
INC-002054,2024-09-13 15:00:00,5,17.147,2,6.047,12.353,1,0,0.92346,0
INC-002055,2024-09-13 18:00:00,4,13.708,5,4.063,21.515,0,0,0.91465,1
INC-002056,2024-09-13 21:00:00,2,61.662,6,4.88,3.278,0,0,0.70635,0
INC-002057,2024-09-14 00:00:00,4,5.933,4,8.315,17.204,0,0,0.60053,0
INC-002058,2024-09-14 03:00:00,4,36.579,5,4.641,5.64,0,0,0.30863,0
INC-002059,2024-09-14 06:00:00,2,10.968,5,6.883,14.726,0,0,0.70761,0
INC-002060,2024-09-14 09:00:00,3,10.747,4,3.662,4.826,0,0,0.80963,0
INC-002061,2024-09-14 12:00:00,5,32.707,6,5.161,68.746,1,0,0.84758,0
INC-002062,2024-09-14 15:00:00,3,7.233,4,1.673,34.896,0,1,0.63495,0
INC-002063,2024-09-14 18:00:00,1,15.801,3,3.833,15.544,0,1,0.6337,0
INC-002064,2024-09-14 21:00:00,4,9.154,4,5.544,48.928,0,1,0.8824,0
INC-002065,2024-09-15 00:00:00,3,36.665,7,4.976,10.092,1,1,0.7919,0
INC-002066,2024-09-15 03:00:00,3,11.824,3,3.663,41.727,1,1,0.85326,0
INC-002067,2024-09-15 06:00:00,4,8.301,4,2.784,25.206,1,0,0.81311,0
INC-002068,2024-09-15 09:00:00,5,25.635,7,5.664,10.488,0,0,0.82831,0
INC-002069,2024-09-15 12:00:00,2,10.273,3,4.873,28.835,0,0,0.54683,0
INC-002070,2024-09-15 15:00:00,3,15.189,7,6.46,36.084,0,0,0.86472,0
INC-002071,2024-09-15 18:00:00,1,18.893,4,3.349,17.723,0,1,0.62959,0
INC-002072,2024-09-15 21:00:00,4,8.385,3,7.517,33.078,0,0,0.95215,0
INC-002073,2024-09-16 00:00:00,3,35.939,6,2.552,31.016,0,0,0.78931,0
INC-002074,2024-09-16 03:00:00,2,27.532,6,2.098,23.15,0,0,0.7639,0
INC-002075,2024-09-16 06:00:00,4,8.904,3,11.106,4.801,0,0,0.81466,0
INC-002076,2024-09-16 09:00:00,3,5.601,5,2.641,22.466,0,0,0.87909,0
INC-002077,2024-09-16 12:00:00,3,38.712,3,5.702,17.332,1,0,0.81849,0
INC-002078,2024-09-16 15:00:00,3,26.7,5,4.34,27.404,0,0,0.7042,0
INC-002079,2024-09-16 18:00:00,2,15.411,7,11.281,7.5,0,0,0.8248,0
INC-002080,2024-09-16 21:00:00,1,20.975,6,7.709,33.771,0,0,0.54257,0
INC-002081,2024-09-17 00:00:00,5,27.672,2,2.133,11.843,0,0,0.77532,0
INC-002082,2024-09-17 03:00:00,1,10.589,3,13.46,7.679,1,0,0.80018,0
INC-002083,2024-09-17 06:00:00,2,29.815,3,9.47,30.283,0,1,0.76784,0
INC-002084,2024-09-17 09:00:00,4,11.026,2,4.023,49.81,0,0,0.8709,0
INC-002085,2024-09-17 12:00:00,1,19.202,5,2.545,20.492,1,0,0.70847,0
INC-002086,2024-09-17 15:00:00,4,30.023,6,5.959,47.333,0,1,0.60585,0
INC-002087,2024-09-17 18:00:00,4,17.652,5,6.172,10.496,0,1,0.73144,0
INC-002088,2024-09-17 21:00:00,4,21.484,4,1.789,8.722,0,0,0.59565,0
INC-002089,2024-09-18 00:00:00,2,25.952,5,5.697,39.659,0,0,0.73762,0
INC-002090,2024-09-18 03:00:00,1,21.613,4,8.985,27.526,0,1,0.6797,0
INC-002091,2024-09-18 06:00:00,5,13.204,5,5.507,5.367,1,0,0.67801,1
INC-002092,2024-09-18 09:00:00,2,26.416,4,4.963,52.907,0,0,0.62794,0
INC-002093,2024-09-18 12:00:00,5,18.937,5,4.599,17.342,0,0,0.51405,0
INC-002094,2024-09-18 15:00:00,1,17.943,6,3.132,18.559,0,1,0.64958,0
INC-002095,2024-09-18 18:00:00,1,29.523,10,10.163,57.978,0,1,0.36672,0
INC-002096,2024-09-18 21:00:00,4,31.746,7,4.17,48.259,0,0,0.64098,0
INC-002097,2024-09-19 00:00:00,5,17.685,9,5.963,45.698,1,1,0.65208,1
INC-002098,2024-09-19 03:00:00,5,10.646,6,2.305,10.528,0,0,0.6669,0
INC-002099,2024-09-19 06:00:00,4,15.805,9,4.858,23.094,1,0,0.78872,0
INC-002100,2024-09-19 09:00:00,2,34.067,5,7.12,26.508,0,0,0.92454,0
INC-002101,2024-09-19 12:00:00,5,27.217,6,4.113,8.067,0,0,0.80465,0
INC-002102,2024-09-19 15:00:00,4,39.631,2,4.187,5.553,0,0,0.88315,0
INC-002103,2024-09-19 18:00:00,1,54.089,3,5.18,16.451,0,0,0.81796,0
INC-002104,2024-09-19 21:00:00,1,21.718,4,6.944,33.507,0,0,0.77676,0
INC-002105,2024-09-20 00:00:00,5,22.457,9,5.682,0.951,0,0,0.98139,0
INC-002106,2024-09-20 03:00:00,2,16.566,5,16.703,19.725,1,0,0.74847,0
INC-002107,2024-09-20 06:00:00,4,52.725,7,11.134,6.308,1,1,0.83726,0
INC-002108,2024-09-20 09:00:00,1,9.95,4,3.653,35.782,0,0,0.46508,0
INC-002109,2024-09-20 12:00:00,2,38.868,4,9.819,23.836,0,1,0.81233,0
INC-002110,2024-09-20 15:00:00,2,53.699,6,1.791,6.186,0,0,0.63065,0
INC-002111,2024-09-20 18:00:00,2,27.121,8,4.346,36.3,0,0,0.60132,0
INC-002112,2024-09-20 21:00:00,4,17.927,5,2.074,23.717,0,1,0.87563,0
INC-002113,2024-09-21 00:00:00,5,31.722,5,7.444,15.418,1,0,0.6054,0
INC-002114,2024-09-21 03:00:00,5,16.11,2,4.122,69.338,0,0,0.62674,0
INC-002115,2024-09-21 06:00:00,4,16.705,4,2.484,16.743,1,1,0.91737,0
INC-002116,2024-09-21 09:00:00,2,31.413,8,8.442,11.946,1,0,0.84082,0
INC-002117,2024-09-21 12:00:00,5,30.323,2,2.668,28.925,0,0,0.82137,0
INC-002118,2024-09-21 15:00:00,3,23.327,7,7.933,54.907,1,0,0.97178,0
INC-002119,2024-09-21 18:00:00,3,47.819,2,6.096,1.084,1,0,0.85979,0
INC-002120,2024-09-21 21:00:00,4,20.779,7,4.601,41.431,0,0,0.76618,0
INC-002121,2024-09-22 00:00:00,4,18.566,5,9.167,29.863,0,1,0.71139,0
INC-002122,2024-09-22 03:00:00,5,6.313,5,2.957,49.116,0,0,0.64657,0
INC-002123,2024-09-22 06:00:00,3,23.834,7,1.908,43.303,0,0,0.82759,0
INC-002124,2024-09-22 09:00:00,4,16.209,8,2.585,25.804,1,0,0.72236,0
INC-002125,2024-09-22 12:00:00,4,8.836,4,16.576,29.335,0,0,0.91703,0
INC-002126,2024-09-22 15:00:00,2,34.708,6,3.174,20.569,1,0,0.75134,0
INC-002127,2024-09-22 18:00:00,2,29.308,5,3.992,50.546,0,1,0.64913,0
INC-002128,2024-09-22 21:00:00,4,62.443,5,12.765,10.309,0,0,0.82501,0
INC-002129,2024-09-23 00:00:00,1,46.553,4,3.997,20.365,0,0,0.44636,0
INC-002130,2024-09-23 03:00:00,2,4.77,4,7.588,33.598,1,0,0.52037,0
INC-002131,2024-09-23 06:00:00,4,23.221,4,13.709,36.355,0,1,0.87939,0
INC-002132,2024-09-23 09:00:00,5,44.911,6,6.832,36.443,0,0,0.87291,0
INC-002133,2024-09-23 12:00:00,3,18.296,4,5.118,27.592,1,0,0.7632,0
INC-002134,2024-09-23 15:00:00,2,18.732,5,8.628,36.621,0,0,0.60717,0
INC-002135,2024-09-23 18:00:00,3,21.115,2,1.61,29.244,1,0,0.54381,0
INC-002136,2024-09-23 21:00:00,4,5.221,5,3.97,58.217,0,1,0.91934,0
INC-002137,2024-09-24 00:00:00,3,26.185,5,11.273,9.988,1,0,0.79479,0
INC-002138,2024-09-24 03:00:00,1,9.547,4,3.205,36.522,0,0,0.58982,0
INC-002139,2024-09-24 06:00:00,3,5.586,1,5.686,18.144,0,0,0.76061,0
INC-002140,2024-09-24 09:00:00,3,6.565,6,7.652,21.702,0,1,0.9627,0
INC-002141,2024-09-24 12:00:00,4,17.096,5,4.297,61.168,0,0,0.91088,0
INC-002142,2024-09-24 15:00:00,5,24.211,4,7.717,60.596,0,0,0.78774,0
INC-002143,2024-09-24 18:00:00,5,6.574,4,6.137,50.536,0,1,0.37868,0
INC-002144,2024-09-24 21:00:00,4,18.081,5,8.737,13.3,0,1,0.84554,0
INC-002145,2024-09-25 00:00:00,2,31.297,6,6.142,12.205,0,0,0.75733,0
INC-002146,2024-09-25 03:00:00,3,6.654,2,1.727,6.17,1,0,0.76506,0
INC-002147,2024-09-25 06:00:00,1,27.222,4,3.366,53.503,0,0,0.75714,0
INC-002148,2024-09-25 09:00:00,5,20.638,5,2.719,8.302,0,1,0.65869,0
INC-002149,2024-09-25 12:00:00,5,15.586,5,12.556,15.669,1,0,0.81495,0
INC-002150,2024-09-25 15:00:00,5,12.312,6,2.54,13.342,0,0,0.69198,0
INC-002151,2024-09-25 18:00:00,2,12.347,3,4.259,12.013,1,0,0.84787,0
INC-002152,2024-09-25 21:00:00,2,36.91,6,6.608,3.173,0,1,0.78884,0
INC-002153,2024-09-26 00:00:00,5,23.962,4,3.739,14.528,0,0,0.81126,0
INC-002154,2024-09-26 03:00:00,3,49.641,4,4.118,23.068,1,0,0.97192,0
INC-002155,2024-09-26 06:00:00,4,23.85,4,6.148,7.09,0,1,0.80854,0
INC-002156,2024-09-26 09:00:00,3,6.408,3,3.216,10.609,0,0,0.85541,0
INC-002157,2024-09-26 12:00:00,3,38.134,2,5.679,48.382,0,0,0.67876,0
INC-002158,2024-09-26 15:00:00,4,24.52,5,8.463,9.043,0,0,0.72806,0
INC-002159,2024-09-26 18:00:00,5,47.017,4,3.509,18.777,0,1,0.69378,0
INC-002160,2024-09-26 21:00:00,2,21.018,7,2.671,19.762,1,0,0.84253,0
INC-002161,2024-09-27 00:00:00,5,47.932,4,14.343,10.792,0,0,0.83251,0
INC-002162,2024-09-27 03:00:00,2,11.178,5,14.477,39.399,0,1,0.91719,0
INC-002163,2024-09-27 06:00:00,3,12.123,6,4.999,47.081,0,1,0.47472,0
INC-002164,2024-09-27 09:00:00,5,24.739,8,5.576,5.46,0,0,0.82833,0
INC-002165,2024-09-27 12:00:00,5,12.615,6,5.545,13.118,0,0,0.6068,0
INC-002166,2024-09-27 15:00:00,5,38.598,7,3.962,10.096,0,0,0.49212,0
INC-002167,2024-09-27 18:00:00,2,8.508,4,4.921,15.775,0,0,0.79997,0
INC-002168,2024-09-27 21:00:00,5,7.581,4,1.751,19.789,0,0,0.89364,0
INC-002169,2024-09-28 00:00:00,5,13.756,10,2.267,3.411,1,1,0.90805,1
INC-002170,2024-09-28 03:00:00,5,13.897,3,4.144,19.717,1,0,0.98108,0
INC-002171,2024-09-28 06:00:00,1,18.199,6,3.537,60.923,0,0,0.86173,0
INC-002172,2024-09-28 09:00:00,4,37.57,9,2.434,44.109,0,0,0.69734,0
INC-002173,2024-09-28 12:00:00,5,41.727,5,4.914,22.89,0,1,0.74796,0
INC-002174,2024-09-28 15:00:00,4,36.432,7,7.884,4.147,0,0,0.67016,1
INC-002175,2024-09-28 18:00:00,2,63.154,4,3.23,35.664,1,0,0.67379,0
INC-002176,2024-09-28 21:00:00,4,33.156,3,6.163,14.262,0,0,0.74396,0
INC-002177,2024-09-29 00:00:00,1,15.131,5,4.216,41.639,0,1,0.66885,0
INC-002178,2024-09-29 03:00:00,3,14.649,1,8.741,37.233,1,0,0.8284,0
INC-002179,2024-09-29 06:00:00,4,10.523,4,2.185,15.638,1,0,0.67057,0
INC-002180,2024-09-29 09:00:00,3,16.45,5,2.617,18.571,0,1,0.53622,1
INC-002181,2024-09-29 12:00:00,4,16.342,5,4.069,10.348,0,0,0.95046,0
INC-002182,2024-09-29 15:00:00,2,8.17,4,2.926,4.426,0,0,0.73687,0
INC-002183,2024-09-29 18:00:00,4,25.758,3,10.505,19.444,0,0,0.94412,0
INC-002184,2024-09-29 21:00:00,4,24.98,3,2.249,32.014,0,0,0.85566,0
INC-002185,2024-09-30 00:00:00,4,14.249,4,3.985,21.229,0,0,0.76105,0
INC-002186,2024-09-30 03:00:00,2,12.985,3,16.468,17.836,0,0,0.85593,0
INC-002187,2024-09-30 06:00:00,2,27.104,8,2.168,29.184,0,0,0.77298,0
INC-002188,2024-09-30 09:00:00,2,5.708,2,5.234,17.403,0,1,0.55935,0
INC-002189,2024-09-30 12:00:00,3,59.523,7,4.273,22.918,1,0,0.63468,0
INC-002190,2024-09-30 15:00:00,3,27.159,5,6.76,15.184,0,0,0.74311,0
INC-002191,2024-09-30 18:00:00,2,9.353,3,6.33,19.102,1,0,0.7777,0
INC-002192,2024-09-30 21:00:00,3,7.813,5,6.075,6.674,0,0,0.7297,0
INC-002193,2024-10-01 00:00:00,2,13.114,5,9.139,11.491,1,1,0.7942,0
INC-002194,2024-10-01 03:00:00,2,17.658,7,8.989,59.737,0,0,0.48217,0
INC-002195,2024-10-01 06:00:00,4,19.069,4,3.525,5.961,0,0,0.69684,0
INC-002196,2024-10-01 09:00:00,5,13.399,3,3.447,62.502,0,0,0.90603,0
INC-002197,2024-10-01 12:00:00,2,7.111,5,7.673,22.256,0,0,0.71774,0
INC-002198,2024-10-01 15:00:00,5,27.265,9,5.731,4.339,0,0,0.8378,0
INC-002199,2024-10-01 18:00:00,3,40.416,4,6.426,36.356,0,0,0.91137,0
INC-002200,2024-10-01 21:00:00,1,23.621,2,5.291,5.657,0,1,0.95739,0
INC-002201,2024-10-02 00:00:00,2,40.343,2,3.829,33.978,0,0,0.67313,0
INC-002202,2024-10-02 03:00:00,1,9.128,4,7.428,26.884,0,0,0.91887,0
INC-002203,2024-10-02 06:00:00,1,4.853,4,3.161,21.123,1,0,0.84191,0
INC-002204,2024-10-02 09:00:00,2,36.251,3,16.713,24.523,0,1,0.75981,0
INC-002205,2024-10-02 12:00:00,3,52.139,5,15.671,25.507,0,0,0.65056,0
INC-002206,2024-10-02 15:00:00,4,7.425,7,19.221,16.925,0,0,0.69557,0
INC-002207,2024-10-02 18:00:00,1,39.458,8,5.977,65.565,1,1,0.90685,0
INC-002208,2024-10-02 21:00:00,5,14.777,5,4.14,49.532,1,1,0.80638,0
INC-002209,2024-10-03 00:00:00,2,5.397,4,12.142,35.36,0,0,0.61382,0
INC-002210,2024-10-03 03:00:00,1,9.224,4,5.374,15.214,0,0,0.77857,0
INC-002211,2024-10-03 06:00:00,4,12.146,3,8.755,14.06,0,0,0.80499,0
INC-002212,2024-10-03 09:00:00,4,16.103,7,8.716,25.412,0,0,0.78882,0
INC-002213,2024-10-03 12:00:00,4,12.736,4,3.218,14.174,1,0,0.74512,0
INC-002214,2024-10-03 15:00:00,1,5.525,9,7.323,17.053,1,0,0.93477,0
INC-002215,2024-10-03 18:00:00,1,35.639,6,8.472,35.822,0,0,0.83627,1
INC-002216,2024-10-03 21:00:00,2,12.48,8,4.977,50.833,1,0,0.78646,0
INC-002217,2024-10-04 00:00:00,3,11.381,2,2.286,25.858,0,1,0.89451,0
INC-002218,2024-10-04 03:00:00,5,11.416,6,12.332,23.408,1,1,0.49006,0
INC-002219,2024-10-04 06:00:00,2,6.23,4,16.48,4.123,1,0,0.64957,0
INC-002220,2024-10-04 09:00:00,1,39.202,4,5.598,34.608,1,0,0.81443,0
INC-002221,2024-10-04 12:00:00,5,7.191,9,4.387,37.358,0,1,0.86798,0
INC-002222,2024-10-04 15:00:00,1,16.023,4,5.795,43.609,0,0,0.58326,0
INC-002223,2024-10-04 18:00:00,1,33.46,3,3.974,93.978,0,0,0.68715,0
INC-002224,2024-10-04 21:00:00,3,7.466,11,2.104,13.688,0,0,0.5842,0
INC-002225,2024-10-05 00:00:00,3,18.461,3,9.242,55.614,0,0,0.94736,0
INC-002226,2024-10-05 03:00:00,4,22.071,7,7.583,51.854,0,0,0.57688,0
INC-002227,2024-10-05 06:00:00,5,17.181,8,3.67,23.729,0,0,0.81871,0
INC-002228,2024-10-05 09:00:00,5,17.309,3,14.455,5.703,0,0,0.89109,0
INC-002229,2024-10-05 12:00:00,2,9.143,5,5.13,47.739,0,0,0.88096,0
INC-002230,2024-10-05 15:00:00,5,14.211,5,5.671,56.825,0,1,0.94185,0
INC-002231,2024-10-05 18:00:00,4,18.799,5,4.689,7.596,0,0,0.7749,0
INC-002232,2024-10-05 21:00:00,1,19.506,7,10.074,32.472,0,0,0.92412,0
INC-002233,2024-10-06 00:00:00,5,15.31,4,7.414,22.431,1,1,0.86619,1
INC-002234,2024-10-06 03:00:00,1,17.655,6,1.787,21.507,0,0,0.85183,0
INC-002235,2024-10-06 06:00:00,3,10.133,6,5.372,4.318,0,0,0.85133,0
INC-002236,2024-10-06 09:00:00,4,20.855,2,8.679,46.931,0,0,0.8529,0
INC-002237,2024-10-06 12:00:00,2,14.771,6,2.114,15.335,0,0,0.77517,0
INC-002238,2024-10-06 15:00:00,2,62.272,5,8.621,71.685,1,0,0.87892,0
INC-002239,2024-10-06 18:00:00,3,7.557,4,7.526,17.952,1,1,0.7409,0
INC-002240,2024-10-06 21:00:00,5,26.445,9,2.915,13.74,0,0,0.52388,0
INC-002241,2024-10-07 00:00:00,2,26.052,6,4.596,15.047,0,0,0.93213,0
INC-002242,2024-10-07 03:00:00,4,5.24,4,2.453,18.665,0,1,0.80086,0
INC-002243,2024-10-07 06:00:00,3,18.28,3,3.711,18.252,1,0,0.68568,0
INC-002244,2024-10-07 09:00:00,1,34.38,4,4.551,47.047,0,0,0.72563,0
INC-002245,2024-10-07 12:00:00,4,20.91,3,7.966,18.105,0,0,0.69674,0
INC-002246,2024-10-07 15:00:00,5,40.431,3,9.004,52.412,0,0,0.83454,0
INC-002247,2024-10-07 18:00:00,3,29.674,2,6.161,46.273,0,0,0.86116,0
INC-002248,2024-10-07 21:00:00,1,15.772,8,4.432,42.069,1,0,0.94972,0
INC-002249,2024-10-08 00:00:00,1,14.359,4,8.456,37.025,0,1,0.72822,0
INC-002250,2024-10-08 03:00:00,3,11.075,6,5.696,8.672,1,0,0.90922,0
INC-002251,2024-10-08 06:00:00,3,14.357,6,6.604,38.796,0,0,0.48629,0
INC-002252,2024-10-08 09:00:00,3,9.238,6,9.297,46.38,0,1,0.85405,0
INC-002253,2024-10-08 12:00:00,2,6.653,5,8.136,54.608,1,0,0.78915,0
INC-002254,2024-10-08 15:00:00,3,20.248,5,6.577,4.631,0,1,0.67303,0
INC-002255,2024-10-08 18:00:00,2,10.302,6,7.423,44.835,1,0,0.99741,0
INC-002256,2024-10-08 21:00:00,4,46.015,2,3.677,4.778,0,0,0.42307,0
INC-002257,2024-10-09 00:00:00,4,16.641,7,3.393,33.705,0,0,0.6393,0
INC-002258,2024-10-09 03:00:00,4,9.062,4,16.358,29.768,0,0,0.78973,0
INC-002259,2024-10-09 06:00:00,1,39.903,6,3.289,10.28,1,0,0.87626,0
INC-002260,2024-10-09 09:00:00,5,19.895,4,9.364,23.369,0,0,0.49819,0
INC-002261,2024-10-09 12:00:00,1,22.519,4,4.401,19.923,0,0,0.76212,0
INC-002262,2024-10-09 15:00:00,5,8.76,8,7.94,31.072,1,1,0.85687,0
INC-002263,2024-10-09 18:00:00,1,7.087,2,1.747,22.662,0,0,0.82429,0
INC-002264,2024-10-09 21:00:00,3,18.355,8,2.378,28.117,1,0,0.71407,0
INC-002265,2024-10-10 00:00:00,1,17.226,4,9.719,17.317,0,1,0.86849,0
INC-002266,2024-10-10 03:00:00,1,7.133,6,2.04,88.072,1,0,0.96095,0
INC-002267,2024-10-10 06:00:00,4,27.553,6,3.716,28.664,1,1,0.88757,0
INC-002268,2024-10-10 09:00:00,4,22.673,10,12.536,15.165,0,0,0.70053,0
INC-002269,2024-10-10 12:00:00,1,45.042,8,9.025,14.403,1,0,0.98322,0
INC-002270,2024-10-10 15:00:00,5,31.881,4,4.263,37.422,1,0,0.62012,0
INC-002271,2024-10-10 18:00:00,2,24.231,4,3.305,117.254,0,0,0.87925,0
INC-002272,2024-10-10 21:00:00,2,13.813,8,13.788,49.83,1,0,0.60809,0
INC-002273,2024-10-11 00:00:00,2,21.012,8,3.473,21.728,0,0,0.54579,0
INC-002274,2024-10-11 03:00:00,3,53.434,4,6.441,4.042,1,0,0.74543,0
INC-002275,2024-10-11 06:00:00,1,5.868,4,11.844,10.828,1,0,0.63094,0
INC-002276,2024-10-11 09:00:00,3,54.419,5,7.159,13.412,0,0,0.74993,0
INC-002277,2024-10-11 12:00:00,2,12.977,6,11.865,3.769,0,0,0.84577,0
INC-002278,2024-10-11 15:00:00,1,12.798,2,4.164,18.997,0,0,0.75122,0
INC-002279,2024-10-11 18:00:00,2,34.972,7,2.792,34.217,1,1,0.87113,0
INC-002280,2024-10-11 21:00:00,4,48.388,3,8.162,16.144,1,1,0.85063,0
INC-002281,2024-10-12 00:00:00,4,47.617,8,11.022,40.279,1,1,0.50443,0
INC-002282,2024-10-12 03:00:00,2,52.498,8,7.449,14.236,1,0,0.61206,0
INC-002283,2024-10-12 06:00:00,2,5.751,8,3.056,6.296,0,0,0.77949,0
INC-002284,2024-10-12 09:00:00,4,26.926,5,21.07,12.249,0,0,0.88064,0
INC-002285,2024-10-12 12:00:00,4,22.456,5,2.482,11.076,1,0,0.83307,0
INC-002286,2024-10-12 15:00:00,5,30.499,5,6.025,4.875,0,1,0.68693,0
INC-002287,2024-10-12 18:00:00,5,16.613,7,11.817,9.044,0,0,0.78076,0
INC-002288,2024-10-12 21:00:00,5,29.219,7,5.663,3.119,0,0,0.62089,0
INC-002289,2024-10-13 00:00:00,5,10.456,7,8.25,2.868,0,0,0.93638,0
INC-002290,2024-10-13 03:00:00,3,27.956,2,1.994,15.872,0,0,0.64962,0
INC-002291,2024-10-13 06:00:00,2,35.99,5,8.042,13.208,0,0,0.80076,0
INC-002292,2024-10-13 09:00:00,2,9.238,5,2.964,76.139,0,1,0.6904,0
INC-002293,2024-10-13 12:00:00,2,20.417,6,6.091,9.416,0,0,0.61395,0
INC-002294,2024-10-13 15:00:00,4,53.271,7,2.452,14.998,0,1,0.75235,0
INC-002295,2024-10-13 18:00:00,4,12.603,2,8.549,24.799,0,0,0.72441,0
INC-002296,2024-10-13 21:00:00,5,33.201,2,7.381,42.287,1,0,0.68702,0
INC-002297,2024-10-14 00:00:00,1,13.154,4,6.046,53.252,0,0,0.56174,0
INC-002298,2024-10-14 03:00:00,3,16.61,3,9.916,25.034,1,0,0.56446,0
INC-002299,2024-10-14 06:00:00,2,12.279,1,7.867,19.217,0,0,0.81226,0
INC-002300,2024-10-14 09:00:00,5,29.424,5,2.417,11.676,0,0,0.76858,0
INC-002301,2024-10-14 12:00:00,2,18.261,7,9.739,22.717,1,0,0.65096,0
INC-002302,2024-10-14 15:00:00,1,28.539,4,7.949,50.401,0,0,0.79806,0
INC-002303,2024-10-14 18:00:00,3,16.44,5,3.316,22.129,0,0,0.77966,0
INC-002304,2024-10-14 21:00:00,5,14.911,4,5.514,29.17,0,0,0.60342,0
INC-002305,2024-10-15 00:00:00,5,22.387,7,4.078,38.796,1,0,0.67282,0
INC-002306,2024-10-15 03:00:00,1,8.71,4,17.796,27.442,1,0,0.56882,0
INC-002307,2024-10-15 06:00:00,2,34.909,2,2.783,31.139,0,0,0.78485,0
INC-002308,2024-10-15 09:00:00,1,7.174,5,4.201,26.847,0,1,0.51282,0
INC-002309,2024-10-15 12:00:00,2,9.438,7,5.277,8.604,0,0,0.8923,0
INC-002310,2024-10-15 15:00:00,3,29.783,4,5.929,23.125,1,0,0.69503,0
INC-002311,2024-10-15 18:00:00,2,26.029,7,4.29,25.086,1,0,0.7283,0
INC-002312,2024-10-15 21:00:00,1,42.209,8,5.828,64.114,0,0,0.70274,0
INC-002313,2024-10-16 00:00:00,3,39.346,10,7.484,11.825,0,0,0.83413,0
INC-002314,2024-10-16 03:00:00,1,26.903,3,3.518,24.234,1,0,0.67746,0
INC-002315,2024-10-16 06:00:00,2,18.174,5,4.297,15.798,0,1,0.84071,0
INC-002316,2024-10-16 09:00:00,1,28.285,4,15.328,60.485,1,1,0.59505,0
INC-002317,2024-10-16 12:00:00,1,14.719,5,9.892,45.762,0,0,0.79788,0
INC-002318,2024-10-16 15:00:00,3,42.792,6,9.741,23.895,1,0,0.71961,0
INC-002319,2024-10-16 18:00:00,5,43.957,7,2.375,0.622,0,0,0.70535,0
INC-002320,2024-10-16 21:00:00,4,12.804,9,16.953,47.174,1,0,0.74489,0
INC-002321,2024-10-17 00:00:00,1,17.761,4,5.16,5.245,0,0,0.57483,0
INC-002322,2024-10-17 03:00:00,1,43.465,5,10.457,3.264,0,0,0.61849,0
INC-002323,2024-10-17 06:00:00,2,12.343,9,6.148,40.406,1,0,0.76759,0
INC-002324,2024-10-17 09:00:00,4,23.762,7,1.996,30.084,0,0,0.79088,0
INC-002325,2024-10-17 12:00:00,4,29.784,8,4.435,28.059,1,0,0.89428,0
INC-002326,2024-10-17 15:00:00,5,14.422,5,9.992,12.305,0,0,0.83636,0
INC-002327,2024-10-17 18:00:00,2,22.628,9,10.179,4.372,0,0,0.74294,0
INC-002328,2024-10-17 21:00:00,1,36.852,6,6.312,0.929,0,0,0.81203,0
INC-002329,2024-10-18 00:00:00,1,5.81,5,2.744,27.946,0,0,0.9516,0
INC-002330,2024-10-18 03:00:00,1,14.086,6,10.654,6.327,0,0,0.81588,0
INC-002331,2024-10-18 06:00:00,1,9.37,5,3.525,31.637,1,0,0.63235,0
INC-002332,2024-10-18 09:00:00,5,10.509,5,6.119,7.249,1,0,0.97574,0
INC-002333,2024-10-18 12:00:00,2,43.986,7,7.792,24.339,0,0,0.6013,0
INC-002334,2024-10-18 15:00:00,5,19.638,4,8.28,8.279,0,0,0.47875,0
INC-002335,2024-10-18 18:00:00,3,32.166,4,7.618,37.853,0,0,0.87632,0
INC-002336,2024-10-18 21:00:00,3,13.425,3,3.222,27.076,0,0,0.99731,0
INC-002337,2024-10-19 00:00:00,3,25.553,7,4.199,22.714,1,0,0.70921,0
INC-002338,2024-10-19 03:00:00,5,33.622,6,3.173,9.617,0,0,0.79609,0
INC-002339,2024-10-19 06:00:00,1,47.405,7,8.703,4.973,0,0,0.79742,0
INC-002340,2024-10-19 09:00:00,1,49.824,5,7.952,28.087,1,0,0.82621,0
INC-002341,2024-10-19 12:00:00,3,44.082,3,3.477,12.593,0,0,0.83992,0
INC-002342,2024-10-19 15:00:00,2,18.237,5,9.546,21.575,0,0,0.64773,0
INC-002343,2024-10-19 18:00:00,3,15.362,5,9.512,20.587,0,1,0.93307,0
INC-002344,2024-10-19 21:00:00,4,7.653,5,11.618,19.513,1,0,0.70888,0
INC-002345,2024-10-20 00:00:00,3,27.278,8,7.778,46.125,1,0,0.60749,0
INC-002346,2024-10-20 03:00:00,2,20.136,3,8.1,19.837,0,0,0.92834,0
INC-002347,2024-10-20 06:00:00,2,39.629,5,4.392,8.442,0,1,0.71828,0
INC-002348,2024-10-20 09:00:00,4,11.552,7,5.059,33.238,0,0,0.81245,0
INC-002349,2024-10-20 12:00:00,2,22.309,3,10.909,32.396,0,0,0.95731,0
INC-002350,2024-10-20 15:00:00,3,16.744,3,3.854,11.429,0,0,0.7347,0
INC-002351,2024-10-20 18:00:00,3,14.581,6,3.313,9.681,0,0,0.88829,0
INC-002352,2024-10-20 21:00:00,4,53.478,5,8.157,26.945,1,1,0.93699,0
INC-002353,2024-10-21 00:00:00,4,7.551,3,1.897,6.69,0,0,0.92763,0
INC-002354,2024-10-21 03:00:00,3,15.329,3,3.726,27.193,0,1,0.65474,0
INC-002355,2024-10-21 06:00:00,2,15.405,7,11.915,55.039,1,1,0.72759,0
INC-002356,2024-10-21 09:00:00,2,21.223,3,13.473,32.932,0,0,0.88909,0
INC-002357,2024-10-21 12:00:00,3,7.755,2,10.216,57.117,0,1,0.69501,0
INC-002358,2024-10-21 15:00:00,2,30.735,3,5.963,21.689,1,0,0.72668,0
INC-002359,2024-10-21 18:00:00,4,15.606,4,3.33,21.641,1,0,0.82918,0
INC-002360,2024-10-21 21:00:00,2,34.164,9,2.458,23.596,0,0,0.64396,0
INC-002361,2024-10-22 00:00:00,4,60.082,6,4.603,29.18,1,0,0.66508,0
INC-002362,2024-10-22 03:00:00,4,24.463,1,2.48,27.924,0,0,0.85537,0
INC-002363,2024-10-22 06:00:00,5,28.335,8,16.535,10.0,0,0,0.8127,1
INC-002364,2024-10-22 09:00:00,1,32.937,4,4.462,20.251,0,0,0.90736,0
INC-002365,2024-10-22 12:00:00,4,26.36,7,4.798,45.081,0,0,0.52142,0
INC-002366,2024-10-22 15:00:00,1,9.736,5,9.176,8.142,0,0,0.76169,0
INC-002367,2024-10-22 18:00:00,2,8.32,3,2.286,23.564,0,0,0.67978,0
INC-002368,2024-10-22 21:00:00,1,64.284,3,4.882,28.791,1,0,0.88002,0
INC-002369,2024-10-23 00:00:00,1,7.71,5,5.665,28.782,0,0,0.84941,0
INC-002370,2024-10-23 03:00:00,1,13.669,4,2.519,4.842,1,0,0.9518,0
INC-002371,2024-10-23 06:00:00,1,27.851,5,3.207,7.94,0,1,0.72048,0
INC-002372,2024-10-23 09:00:00,5,46.543,6,3.912,43.929,0,1,0.81978,0
INC-002373,2024-10-23 12:00:00,1,8.167,5,10.476,43.44,0,0,0.50071,0
INC-002374,2024-10-23 15:00:00,2,33.406,5,13.221,20.943,0,0,0.70893,0
INC-002375,2024-10-23 18:00:00,4,29.216,3,7.522,26.031,1,0,0.81176,0
INC-002376,2024-10-23 21:00:00,5,10.602,6,5.408,8.882,0,0,0.80248,0
INC-002377,2024-10-24 00:00:00,5,19.127,6,11.95,6.112,1,0,0.55382,0
INC-002378,2024-10-24 03:00:00,1,14.212,7,9.605,3.44,1,1,0.67362,0
INC-002379,2024-10-24 06:00:00,5,7.275,5,19.818,5.984,0,0,0.90437,0
INC-002380,2024-10-24 09:00:00,4,40.255,4,2.13,26.01,0,0,0.76081,0
INC-002381,2024-10-24 12:00:00,1,45.174,4,5.794,18.619,1,0,0.74477,0
INC-002382,2024-10-24 15:00:00,3,5.808,4,4.045,22.597,0,1,0.89807,0
INC-002383,2024-10-24 18:00:00,5,8.834,7,2.284,22.309,1,0,0.89267,1
INC-002384,2024-10-24 21:00:00,2,40.003,6,5.834,7.723,0,0,0.6965,1
INC-002385,2024-10-25 00:00:00,1,17.221,9,18.531,27.188,0,0,0.73443,0
INC-002386,2024-10-25 03:00:00,5,13.636,6,2.919,47.981,1,1,0.81628,0
INC-002387,2024-10-25 06:00:00,5,8.406,8,24.623,7.842,0,0,0.89981,0
INC-002388,2024-10-25 09:00:00,5,10.613,6,9.756,19.716,1,0,0.75777,0
INC-002389,2024-10-25 12:00:00,5,9.374,7,12.264,33.97,0,0,0.85732,0
INC-002390,2024-10-25 15:00:00,5,32.999,5,12.208,43.347,1,1,0.7343,0
INC-002391,2024-10-25 18:00:00,3,15.988,3,7.559,29.508,0,0,0.85155,0
INC-002392,2024-10-25 21:00:00,1,14.3,2,4.448,8.856,0,0,0.74026,0
INC-002393,2024-10-26 00:00:00,4,24.49,7,2.492,3.017,0,0,0.67509,0
INC-002394,2024-10-26 03:00:00,2,9.808,7,2.946,15.826,0,0,0.86085,0
INC-002395,2024-10-26 06:00:00,3,16.155,5,8.203,17.942,1,0,0.67365,0
INC-002396,2024-10-26 09:00:00,4,16.14,6,4.564,43.387,1,0,0.90294,0
INC-002397,2024-10-26 12:00:00,5,25.496,6,3.139,14.644,1,0,0.49441,0
INC-002398,2024-10-26 15:00:00,2,18.535,3,6.777,7.621,1,0,0.78735,0
INC-002399,2024-10-26 18:00:00,2,22.08,3,7.281,10.751,1,0,0.81089,0
INC-002400,2024-10-26 21:00:00,4,47.398,3,9.224,29.31,0,0,0.75736,0
